run_date,target_datetime,model,predicted_price,actual_price,abs_error
2026-07-06 02:15:07.056155+03:00,2026-07-06 03:00:00+03:00,lightgbm_v2,-17.3702,,
2026-07-06 02:15:07.056155+03:00,2026-07-06 04:00:00+03:00,lightgbm_v2,-118.9033,,
2026-07-06 02:15:07.056155+03:00,2026-07-06 05:00:00+03:00,lightgbm_v2,-144.5347,,
2026-07-06 02:15:07.056155+03:00,2026-07-06 06:00:00+03:00,lightgbm_v2,-142.7769,,
2026-07-06 02:15:07.056155+03:00,2026-07-06 07:00:00+03:00,lightgbm_v2,-143.8832,,
2026-07-06 02:15:07.056155+03:00,2026-07-06 08:00:00+03:00,lightgbm_v2,-157.3847,,
2026-07-06 02:15:07.056155+03:00,2026-07-06 09:00:00+03:00,lightgbm_v2,-169.641,,
2026-07-06 02:15:07.056155+03:00,2026-07-06 10:00:00+03:00,lightgbm_v2,-150.7656,,
2026-07-06 02:15:07.056155+03:00,2026-07-06 11:00:00+03:00,lightgbm_v2,-173.2016,,
2026-07-06 02:15:07.056155+03:00,2026-07-06 12:00:00+03:00,lightgbm_v2,-173.6954,,
2026-07-06 02:15:07.056155+03:00,2026-07-06 13:00:00+03:00,lightgbm_v2,-173.6536,,
2026-07-06 02:15:07.056155+03:00,2026-07-06 14:00:00+03:00,lightgbm_v2,-166.3191,,
2026-07-06 02:15:07.056155+03:00,2026-07-06 15:00:00+03:00,lightgbm_v2,-182.9435,,
2026-07-06 02:15:07.056155+03:00,2026-07-06 16:00:00+03:00,lightgbm_v2,-184.3692,,
2026-07-06 02:15:07.056155+03:00,2026-07-06 17:00:00+03:00,lightgbm_v2,-197.8148,,
2026-07-06 02:15:07.056155+03:00,2026-07-06 18:00:00+03:00,lightgbm_v2,-195.5761,,
2026-07-06 02:15:07.056155+03:00,2026-07-06 19:00:00+03:00,lightgbm_v2,-197.4452,,
2026-07-06 02:15:07.056155+03:00,2026-07-06 20:00:00+03:00,lightgbm_v2,-197.5376,,
2026-07-06 02:15:07.056155+03:00,2026-07-06 21:00:00+03:00,lightgbm_v2,-196.0765,,
2026-07-06 02:15:07.056155+03:00,2026-07-06 22:00:00+03:00,lightgbm_v2,-195.7307,,
2026-07-06 02:15:07.056155+03:00,2026-07-06 23:00:00+03:00,lightgbm_v2,-173.701,,
2026-07-06 02:15:07.056155+03:00,2026-07-07 00:00:00+03:00,lightgbm_v2,-173.5777,,
2026-07-06 02:15:07.056155+03:00,2026-07-07 01:00:00+03:00,lightgbm_v2,-162.609,,
2026-07-06 02:15:07.056155+03:00,2026-07-07 02:00:00+03:00,lightgbm_v2,-39.2138,,
2026-07-06 02:15:07.056155+03:00,2026-07-07 03:00:00+03:00,lightgbm_v2,-38.0033,,
2026-07-06 02:15:07.056155+03:00,2026-07-07 04:00:00+03:00,lightgbm_v2,-38.2162,,
2026-07-06 02:15:07.056155+03:00,2026-07-07 05:00:00+03:00,lightgbm_v2,-17.0332,,
2026-07-06 02:15:07.056155+03:00,2026-07-07 06:00:00+03:00,lightgbm_v2,-25.8379,,
2026-07-06 02:15:07.056155+03:00,2026-07-07 07:00:00+03:00,lightgbm_v2,-27.4846,,
2026-07-06 02:15:07.056155+03:00,2026-07-07 08:00:00+03:00,lightgbm_v2,-51.7276,,
2026-07-06 02:15:07.056155+03:00,2026-07-07 09:00:00+03:00,lightgbm_v2,-51.7297,,
2026-07-06 02:15:07.056155+03:00,2026-07-07 10:00:00+03:00,lightgbm_v2,-49.6585,,
2026-07-06 02:15:07.056155+03:00,2026-07-07 11:00:00+03:00,lightgbm_v2,-50.2908,,
2026-07-06 02:15:07.056155+03:00,2026-07-07 12:00:00+03:00,lightgbm_v2,-50.7356,,
2026-07-06 02:15:07.056155+03:00,2026-07-07 13:00:00+03:00,lightgbm_v2,-50.2631,,
2026-07-06 02:15:07.056155+03:00,2026-07-07 14:00:00+03:00,lightgbm_v2,-50.7884,,
2026-07-06 02:15:07.056155+03:00,2026-07-07 15:00:00+03:00,lightgbm_v2,-51.2761,,
2026-07-06 02:15:07.056155+03:00,2026-07-07 16:00:00+03:00,lightgbm_v2,-51.6365,,
2026-07-06 02:15:07.056155+03:00,2026-07-07 17:00:00+03:00,lightgbm_v2,-52.0653,,
2026-07-06 02:15:07.056155+03:00,2026-07-07 18:00:00+03:00,lightgbm_v2,-49.9485,,
2026-07-06 02:15:07.056155+03:00,2026-07-07 19:00:00+03:00,lightgbm_v2,-51.6025,,
2026-07-06 02:15:07.056155+03:00,2026-07-07 20:00:00+03:00,lightgbm_v2,-51.7946,,
2026-07-06 02:15:07.056155+03:00,2026-07-07 21:00:00+03:00,lightgbm_v2,-50.2911,,
2026-07-06 02:15:07.056155+03:00,2026-07-07 22:00:00+03:00,lightgbm_v2,-39.9797,,
2026-07-06 02:15:07.056155+03:00,2026-07-07 23:00:00+03:00,lightgbm_v2,-40.7015,,
2026-07-06 02:15:07.056155+03:00,2026-07-08 00:00:00+03:00,lightgbm_v2,-40.7942,,
2026-07-06 02:15:07.056155+03:00,2026-07-08 01:00:00+03:00,lightgbm_v2,-40.0329,,
2026-07-06 02:15:07.056155+03:00,2026-07-08 02:00:00+03:00,lightgbm_v2,-12.552,,
2026-07-06 02:15:07.056155+03:00,2026-07-08 03:00:00+03:00,lightgbm_v2,-14.947,,
2026-07-06 02:15:07.056155+03:00,2026-07-08 04:00:00+03:00,lightgbm_v2,-14.7086,,
2026-07-06 02:15:07.056155+03:00,2026-07-08 05:00:00+03:00,lightgbm_v2,-3.4062,,
2026-07-06 02:15:07.056155+03:00,2026-07-08 06:00:00+03:00,lightgbm_v2,1.3885,,
2026-07-06 02:15:07.056155+03:00,2026-07-08 07:00:00+03:00,lightgbm_v2,9.7159,,
2026-07-06 02:15:07.056155+03:00,2026-07-08 08:00:00+03:00,lightgbm_v2,10.782,,
2026-07-06 02:15:07.056155+03:00,2026-07-08 09:00:00+03:00,lightgbm_v2,7.7482,,
2026-07-06 02:15:07.056155+03:00,2026-07-08 10:00:00+03:00,lightgbm_v2,-1.5508,,
2026-07-06 02:15:07.056155+03:00,2026-07-08 11:00:00+03:00,lightgbm_v2,-13.3273,,
2026-07-06 02:15:07.056155+03:00,2026-07-08 12:00:00+03:00,lightgbm_v2,-29.9198,,
2026-07-06 02:15:07.056155+03:00,2026-07-08 13:00:00+03:00,lightgbm_v2,-30.8274,,
2026-07-06 02:15:07.056155+03:00,2026-07-08 14:00:00+03:00,lightgbm_v2,-29.0735,,
2026-07-06 02:15:07.056155+03:00,2026-07-08 15:00:00+03:00,lightgbm_v2,-29.6877,,
2026-07-06 02:15:07.056155+03:00,2026-07-08 16:00:00+03:00,lightgbm_v2,-29.5848,,
2026-07-06 02:15:07.056155+03:00,2026-07-08 17:00:00+03:00,lightgbm_v2,-36.3183,,
2026-07-06 02:15:07.056155+03:00,2026-07-08 18:00:00+03:00,lightgbm_v2,-35.349,,
2026-07-06 02:15:07.056155+03:00,2026-07-08 19:00:00+03:00,lightgbm_v2,-36.5886,,
2026-07-06 02:15:07.056155+03:00,2026-07-08 20:00:00+03:00,lightgbm_v2,-37.302,,
2026-07-06 02:15:07.056155+03:00,2026-07-08 21:00:00+03:00,lightgbm_v2,-37.5137,,
2026-07-06 02:15:07.056155+03:00,2026-07-08 22:00:00+03:00,lightgbm_v2,-36.3187,,
2026-07-06 02:15:07.056155+03:00,2026-07-08 23:00:00+03:00,lightgbm_v2,-27.5248,,
2026-07-06 02:15:07.056155+03:00,2026-07-09 00:00:00+03:00,lightgbm_v2,-27.6639,,
2026-07-06 02:15:07.056155+03:00,2026-07-09 01:00:00+03:00,lightgbm_v2,-26.9067,,
2026-07-06 02:15:07.056155+03:00,2026-07-09 02:00:00+03:00,lightgbm_v2,-26.0763,,
2026-07-06 02:15:07.056155+03:00,2026-07-09 03:00:00+03:00,lightgbm_v2,-25.6676,,
2026-07-06 02:15:07.056155+03:00,2026-07-09 04:00:00+03:00,lightgbm_v2,-25.4262,,
2026-07-06 02:15:07.056155+03:00,2026-07-09 05:00:00+03:00,lightgbm_v2,-32.6358,,
2026-07-06 02:15:07.056155+03:00,2026-07-09 06:00:00+03:00,lightgbm_v2,-127.0617,,
2026-07-06 02:15:07.056155+03:00,2026-07-09 07:00:00+03:00,lightgbm_v2,-127.853,,
2026-07-06 02:15:07.056155+03:00,2026-07-09 08:00:00+03:00,lightgbm_v2,-137.0497,,
2026-07-06 02:15:07.056155+03:00,2026-07-09 09:00:00+03:00,lightgbm_v2,-136.6105,,
2026-07-06 02:15:07.056155+03:00,2026-07-09 10:00:00+03:00,lightgbm_v2,-56.0122,,
2026-07-06 02:15:07.056155+03:00,2026-07-09 11:00:00+03:00,lightgbm_v2,-27.1547,,
2026-07-06 02:15:07.056155+03:00,2026-07-09 12:00:00+03:00,lightgbm_v2,-27.5444,,
2026-07-06 02:15:07.056155+03:00,2026-07-09 13:00:00+03:00,lightgbm_v2,-27.1759,,
2026-07-06 02:15:07.056155+03:00,2026-07-09 14:00:00+03:00,lightgbm_v2,-27.7011,,
2026-07-06 02:15:07.056155+03:00,2026-07-09 15:00:00+03:00,lightgbm_v2,-27.6249,,
2026-07-06 02:15:07.056155+03:00,2026-07-09 16:00:00+03:00,lightgbm_v2,-28.0049,,
2026-07-06 02:15:07.056155+03:00,2026-07-09 17:00:00+03:00,lightgbm_v2,-27.7646,,
2026-07-06 02:15:07.056155+03:00,2026-07-09 18:00:00+03:00,lightgbm_v2,-25.7105,,
2026-07-06 02:15:07.056155+03:00,2026-07-09 19:00:00+03:00,lightgbm_v2,-27.5104,,
2026-07-06 02:15:07.056155+03:00,2026-07-09 20:00:00+03:00,lightgbm_v2,-27.7435,,
2026-07-06 02:15:07.056155+03:00,2026-07-09 21:00:00+03:00,lightgbm_v2,-26.365,,
2026-07-06 02:15:07.056155+03:00,2026-07-09 22:00:00+03:00,lightgbm_v2,-26.6308,,
2026-07-06 02:15:07.056155+03:00,2026-07-09 23:00:00+03:00,lightgbm_v2,-26.2151,,
2026-07-06 02:15:07.056155+03:00,2026-07-10 00:00:00+03:00,lightgbm_v2,-25.9815,,
2026-07-06 02:15:07.056155+03:00,2026-07-10 01:00:00+03:00,lightgbm_v2,-25.1023,,
2026-07-06 02:15:07.056155+03:00,2026-07-10 02:00:00+03:00,lightgbm_v2,-24.1012,,
2026-07-06 02:15:07.056155+03:00,2026-07-10 03:00:00+03:00,lightgbm_v2,-23.691,,
2026-07-06 02:15:07.056155+03:00,2026-07-10 04:00:00+03:00,lightgbm_v2,-23.4501,,
2026-07-06 02:15:07.056155+03:00,2026-07-10 05:00:00+03:00,lightgbm_v2,-2.6472,,
2026-07-06 02:15:07.056155+03:00,2026-07-10 06:00:00+03:00,lightgbm_v2,4.835,,
2026-07-06 02:15:07.056155+03:00,2026-07-10 07:00:00+03:00,lightgbm_v2,20.5391,,
2026-07-06 02:15:07.056155+03:00,2026-07-10 08:00:00+03:00,lightgbm_v2,25.9145,,
2026-07-06 02:15:07.056155+03:00,2026-07-10 09:00:00+03:00,lightgbm_v2,20.4123,,
2026-07-06 02:15:07.056155+03:00,2026-07-10 10:00:00+03:00,lightgbm_v2,10.6028,,
2026-07-06 02:15:07.056155+03:00,2026-07-10 11:00:00+03:00,lightgbm_v2,-1.0899,,
2026-07-06 02:15:07.056155+03:00,2026-07-10 12:00:00+03:00,lightgbm_v2,-12.7593,,
2026-07-06 02:15:07.056155+03:00,2026-07-10 13:00:00+03:00,lightgbm_v2,-30.6492,,
2026-07-06 02:15:07.056155+03:00,2026-07-10 14:00:00+03:00,lightgbm_v2,-31.6278,,
2026-07-06 02:15:07.056155+03:00,2026-07-10 15:00:00+03:00,lightgbm_v2,-29.9919,,
2026-07-06 02:15:07.056155+03:00,2026-07-10 16:00:00+03:00,lightgbm_v2,-29.9176,,
2026-07-06 02:15:07.056155+03:00,2026-07-10 17:00:00+03:00,lightgbm_v2,-36.3553,,
2026-07-06 02:15:07.056155+03:00,2026-07-10 18:00:00+03:00,lightgbm_v2,-34.8805,,
2026-07-06 02:15:07.056155+03:00,2026-07-10 19:00:00+03:00,lightgbm_v2,-34.7136,,
2026-07-06 02:15:07.056155+03:00,2026-07-10 20:00:00+03:00,lightgbm_v2,-36.8023,,
2026-07-06 02:15:07.056155+03:00,2026-07-10 21:00:00+03:00,lightgbm_v2,-38.8745,,
2026-07-06 02:15:07.056155+03:00,2026-07-10 22:00:00+03:00,lightgbm_v2,-36.8891,,
2026-07-06 02:15:07.056155+03:00,2026-07-10 23:00:00+03:00,lightgbm_v2,-35.0469,,
2026-07-06 02:15:07.056155+03:00,2026-07-11 00:00:00+03:00,lightgbm_v2,-23.7659,,
2026-07-06 02:15:07.056155+03:00,2026-07-11 01:00:00+03:00,lightgbm_v2,-22.9883,,
2026-07-06 02:15:07.056155+03:00,2026-07-11 02:00:00+03:00,lightgbm_v2,-22.0314,,
2026-07-06 02:15:07.056155+03:00,2026-07-11 03:00:00+03:00,lightgbm_v2,-21.5932,,
2026-07-06 02:15:07.056155+03:00,2026-07-11 04:00:00+03:00,lightgbm_v2,-21.3357,,
2026-07-06 02:15:07.056155+03:00,2026-07-11 05:00:00+03:00,lightgbm_v2,-32.4743,,
2026-07-06 02:15:07.056155+03:00,2026-07-11 06:00:00+03:00,lightgbm_v2,-128.8191,,
2026-07-06 02:15:07.056155+03:00,2026-07-11 07:00:00+03:00,lightgbm_v2,-129.2663,,
2026-07-06 02:15:07.056155+03:00,2026-07-11 08:00:00+03:00,lightgbm_v2,-136.1994,,
2026-07-06 02:15:07.056155+03:00,2026-07-11 09:00:00+03:00,lightgbm_v2,-132.7088,,
2026-07-06 02:15:07.056155+03:00,2026-07-11 10:00:00+03:00,lightgbm_v2,-115.6675,,
2026-07-06 02:15:07.056155+03:00,2026-07-11 11:00:00+03:00,lightgbm_v2,-53.2213,,
2026-07-06 02:15:07.056155+03:00,2026-07-11 12:00:00+03:00,lightgbm_v2,-23.9831,,
2026-07-06 02:15:07.056155+03:00,2026-07-11 13:00:00+03:00,lightgbm_v2,-23.7101,,
2026-07-06 02:15:07.056155+03:00,2026-07-11 14:00:00+03:00,lightgbm_v2,-24.235,,
2026-07-06 02:15:07.056155+03:00,2026-07-11 15:00:00+03:00,lightgbm_v2,-24.4602,,
2026-07-06 02:15:07.056155+03:00,2026-07-11 16:00:00+03:00,lightgbm_v2,-24.8481,,
2026-07-06 02:15:07.056155+03:00,2026-07-11 17:00:00+03:00,lightgbm_v2,-23.7297,,
2026-07-06 02:15:07.056155+03:00,2026-07-11 18:00:00+03:00,lightgbm_v2,-21.6098,,
2026-07-06 02:15:07.056155+03:00,2026-07-11 19:00:00+03:00,lightgbm_v2,-23.4668,,
2026-07-06 02:15:07.056155+03:00,2026-07-11 20:00:00+03:00,lightgbm_v2,-23.7267,,
2026-07-06 02:15:07.056155+03:00,2026-07-11 21:00:00+03:00,lightgbm_v2,-23.2406,,
2026-07-06 02:15:07.056155+03:00,2026-07-11 22:00:00+03:00,lightgbm_v2,-23.5293,,
2026-07-06 02:15:07.056155+03:00,2026-07-11 23:00:00+03:00,lightgbm_v2,-23.1162,,
2026-07-06 02:15:07.056155+03:00,2026-07-12 00:00:00+03:00,lightgbm_v2,-26.6582,,
2026-07-06 02:15:07.056155+03:00,2026-07-12 01:00:00+03:00,lightgbm_v2,-25.8039,,
2026-07-06 02:15:07.056155+03:00,2026-07-12 02:00:00+03:00,lightgbm_v2,-24.7738,,
2026-07-06 02:15:07.056155+03:00,2026-07-12 03:00:00+03:00,lightgbm_v2,-24.3281,,
2026-07-06 02:15:07.056155+03:00,2026-07-12 04:00:00+03:00,lightgbm_v2,-24.0727,,
2026-07-06 02:15:07.056155+03:00,2026-07-12 05:00:00+03:00,lightgbm_v2,-4.2638,,
2026-07-06 02:15:07.056155+03:00,2026-07-12 06:00:00+03:00,lightgbm_v2,-25.2314,,
2026-07-06 02:15:07.056155+03:00,2026-07-12 07:00:00+03:00,lightgbm_v2,-32.1602,,
2026-07-06 02:15:07.056155+03:00,2026-07-12 08:00:00+03:00,lightgbm_v2,-54.2677,,
2026-07-06 02:15:07.056155+03:00,2026-07-12 09:00:00+03:00,lightgbm_v2,-52.8616,,
2026-07-06 02:15:07.056155+03:00,2026-07-12 10:00:00+03:00,lightgbm_v2,-51.3914,,
2026-07-06 02:15:07.056155+03:00,2026-07-12 11:00:00+03:00,lightgbm_v2,-33.0425,,
2026-07-06 02:15:07.056155+03:00,2026-07-12 12:00:00+03:00,lightgbm_v2,-18.7161,,
2026-07-06 02:15:07.056155+03:00,2026-07-12 13:00:00+03:00,lightgbm_v2,-18.7124,,
2026-07-06 02:15:07.056155+03:00,2026-07-12 14:00:00+03:00,lightgbm_v2,-19.2385,,
2026-07-06 02:15:07.056155+03:00,2026-07-12 15:00:00+03:00,lightgbm_v2,-19.5522,,
2026-07-06 02:15:07.056155+03:00,2026-07-12 16:00:00+03:00,lightgbm_v2,-19.9139,,
2026-07-06 02:15:07.056155+03:00,2026-07-12 17:00:00+03:00,lightgbm_v2,-18.8348,,
2026-07-06 02:15:07.056155+03:00,2026-07-12 18:00:00+03:00,lightgbm_v2,-16.753,,
2026-07-06 02:15:07.056155+03:00,2026-07-12 19:00:00+03:00,lightgbm_v2,-18.4886,,
2026-07-06 02:15:07.056155+03:00,2026-07-12 20:00:00+03:00,lightgbm_v2,-18.487,,
2026-07-06 02:15:07.056155+03:00,2026-07-12 21:00:00+03:00,lightgbm_v2,-18.1767,,
2026-07-06 02:15:07.056155+03:00,2026-07-12 22:00:00+03:00,lightgbm_v2,-18.465,,
2026-07-06 02:15:07.056155+03:00,2026-07-12 23:00:00+03:00,lightgbm_v2,-18.0327,,
2026-07-06 02:15:07.056155+03:00,2026-07-13 00:00:00+03:00,lightgbm_v2,-16.7862,,
2026-07-06 02:15:07.056155+03:00,2026-07-13 01:00:00+03:00,lightgbm_v2,-16.2015,,
2026-07-06 02:15:07.056155+03:00,2026-07-13 02:00:00+03:00,lightgbm_v2,-14.4551,,
2026-07-06 02:15:07.056155+03:00,2026-07-06 03:00:00+03:00,lightgbm_v2_5,4.8169,,
2026-07-06 02:15:07.056155+03:00,2026-07-06 04:00:00+03:00,lightgbm_v2_5,3.9369,,
2026-07-06 02:15:07.056155+03:00,2026-07-06 05:00:00+03:00,lightgbm_v2_5,5.8449,,
2026-07-06 02:15:07.056155+03:00,2026-07-06 06:00:00+03:00,lightgbm_v2_5,10.2724,,
2026-07-06 02:15:07.056155+03:00,2026-07-06 07:00:00+03:00,lightgbm_v2_5,16.9524,,
2026-07-06 02:15:07.056155+03:00,2026-07-06 08:00:00+03:00,lightgbm_v2_5,23.2405,,
2026-07-06 02:15:07.056155+03:00,2026-07-06 09:00:00+03:00,lightgbm_v2_5,26.2282,,
2026-07-06 02:15:07.056155+03:00,2026-07-06 10:00:00+03:00,lightgbm_v2_5,26.3693,,
2026-07-06 02:15:07.056155+03:00,2026-07-06 11:00:00+03:00,lightgbm_v2_5,26.3636,,
2026-07-06 02:15:07.056155+03:00,2026-07-06 12:00:00+03:00,lightgbm_v2_5,26.3783,,
2026-07-06 02:15:07.056155+03:00,2026-07-06 13:00:00+03:00,lightgbm_v2_5,26.3804,,
2026-07-06 02:15:07.056155+03:00,2026-07-06 14:00:00+03:00,lightgbm_v2_5,26.39,,
2026-07-06 02:15:07.056155+03:00,2026-07-06 15:00:00+03:00,lightgbm_v2_5,26.3893,,
2026-07-06 02:15:07.056155+03:00,2026-07-06 16:00:00+03:00,lightgbm_v2_5,26.4213,,
2026-07-06 02:15:07.056155+03:00,2026-07-06 17:00:00+03:00,lightgbm_v2_5,26.9716,,
2026-07-06 02:15:07.056155+03:00,2026-07-06 18:00:00+03:00,lightgbm_v2_5,28.3551,,
2026-07-06 02:15:07.056155+03:00,2026-07-06 19:00:00+03:00,lightgbm_v2_5,29.2816,,
2026-07-06 02:15:07.056155+03:00,2026-07-06 20:00:00+03:00,lightgbm_v2_5,28.8802,,
2026-07-06 02:15:07.056155+03:00,2026-07-06 21:00:00+03:00,lightgbm_v2_5,28.5717,,
2026-07-06 02:15:07.056155+03:00,2026-07-06 22:00:00+03:00,lightgbm_v2_5,28.3165,,
2026-07-06 02:15:07.056155+03:00,2026-07-06 23:00:00+03:00,lightgbm_v2_5,27.8491,,
2026-07-06 02:15:07.056155+03:00,2026-07-07 00:00:00+03:00,lightgbm_v2_5,27.9196,,
2026-07-06 02:15:07.056155+03:00,2026-07-07 01:00:00+03:00,lightgbm_v2_5,27.8562,,
2026-07-06 02:15:07.056155+03:00,2026-07-07 02:00:00+03:00,lightgbm_v2_5,27.8472,,
2026-07-06 02:15:07.056155+03:00,2026-07-07 03:00:00+03:00,lightgbm_v2_5,27.9195,,
2026-07-06 02:15:07.056155+03:00,2026-07-07 04:00:00+03:00,lightgbm_v2_5,28.3583,,
2026-07-06 02:15:07.056155+03:00,2026-07-07 05:00:00+03:00,lightgbm_v2_5,30.472,,
2026-07-06 02:15:07.056155+03:00,2026-07-07 06:00:00+03:00,lightgbm_v2_5,34.8126,,
2026-07-06 02:15:07.056155+03:00,2026-07-07 07:00:00+03:00,lightgbm_v2_5,40.871,,
2026-07-06 02:15:07.056155+03:00,2026-07-07 08:00:00+03:00,lightgbm_v2_5,45.8482,,
2026-07-06 02:15:07.056155+03:00,2026-07-07 09:00:00+03:00,lightgbm_v2_5,48.4034,,
2026-07-06 02:15:07.056155+03:00,2026-07-07 10:00:00+03:00,lightgbm_v2_5,48.49,,
2026-07-06 02:15:07.056155+03:00,2026-07-07 11:00:00+03:00,lightgbm_v2_5,48.4791,,
2026-07-06 02:15:07.056155+03:00,2026-07-07 12:00:00+03:00,lightgbm_v2_5,48.4844,,
2026-07-06 02:15:07.056155+03:00,2026-07-07 13:00:00+03:00,lightgbm_v2_5,48.4817,,
2026-07-06 02:15:07.056155+03:00,2026-07-07 14:00:00+03:00,lightgbm_v2_5,48.5262,,
2026-07-06 02:15:07.056155+03:00,2026-07-07 15:00:00+03:00,lightgbm_v2_5,48.5889,,
2026-07-06 02:15:07.056155+03:00,2026-07-07 16:00:00+03:00,lightgbm_v2_5,49.0856,,
2026-07-06 02:15:07.056155+03:00,2026-07-07 17:00:00+03:00,lightgbm_v2_5,51.5161,,
2026-07-06 02:15:07.056155+03:00,2026-07-07 18:00:00+03:00,lightgbm_v2_5,52.8977,,
2026-07-06 02:15:07.056155+03:00,2026-07-07 19:00:00+03:00,lightgbm_v2_5,52.1977,,
2026-07-06 02:15:07.056155+03:00,2026-07-07 20:00:00+03:00,lightgbm_v2_5,51.0549,,
2026-07-06 02:15:07.056155+03:00,2026-07-07 21:00:00+03:00,lightgbm_v2_5,49.3194,,
2026-07-06 02:15:07.056155+03:00,2026-07-07 22:00:00+03:00,lightgbm_v2_5,48.7464,,
2026-07-06 02:15:07.056155+03:00,2026-07-07 23:00:00+03:00,lightgbm_v2_5,46.1312,,
2026-07-06 02:15:07.056155+03:00,2026-07-08 00:00:00+03:00,lightgbm_v2_5,44.5718,,
2026-07-06 02:15:07.056155+03:00,2026-07-08 01:00:00+03:00,lightgbm_v2_5,44.4078,,
2026-07-06 02:15:07.056155+03:00,2026-07-08 02:00:00+03:00,lightgbm_v2_5,44.5464,,
2026-07-06 02:15:07.056155+03:00,2026-07-08 03:00:00+03:00,lightgbm_v2_5,44.5909,,
2026-07-06 02:15:07.056155+03:00,2026-07-08 04:00:00+03:00,lightgbm_v2_5,45.2954,,
2026-07-06 02:15:07.056155+03:00,2026-07-08 05:00:00+03:00,lightgbm_v2_5,46.7701,,
2026-07-06 02:15:07.056155+03:00,2026-07-08 06:00:00+03:00,lightgbm_v2_5,49.9514,,
2026-07-06 02:15:07.056155+03:00,2026-07-08 07:00:00+03:00,lightgbm_v2_5,54.0897,,
2026-07-06 02:15:07.056155+03:00,2026-07-08 08:00:00+03:00,lightgbm_v2_5,55.8867,,
2026-07-06 02:15:07.056155+03:00,2026-07-08 09:00:00+03:00,lightgbm_v2_5,55.7484,,
2026-07-06 02:15:07.056155+03:00,2026-07-08 10:00:00+03:00,lightgbm_v2_5,55.7346,,
2026-07-06 02:15:07.056155+03:00,2026-07-08 11:00:00+03:00,lightgbm_v2_5,55.6663,,
2026-07-06 02:15:07.056155+03:00,2026-07-08 12:00:00+03:00,lightgbm_v2_5,55.6731,,
2026-07-06 02:15:07.056155+03:00,2026-07-08 13:00:00+03:00,lightgbm_v2_5,55.6549,,
2026-07-06 02:15:07.056155+03:00,2026-07-08 14:00:00+03:00,lightgbm_v2_5,55.7777,,
2026-07-06 02:15:07.056155+03:00,2026-07-08 15:00:00+03:00,lightgbm_v2_5,55.8355,,
2026-07-06 02:15:07.056155+03:00,2026-07-08 16:00:00+03:00,lightgbm_v2_5,55.8259,,
2026-07-06 02:15:07.056155+03:00,2026-07-08 17:00:00+03:00,lightgbm_v2_5,56.2871,,
2026-07-06 02:15:07.056155+03:00,2026-07-08 18:00:00+03:00,lightgbm_v2_5,56.4385,,
2026-07-06 02:15:07.056155+03:00,2026-07-08 19:00:00+03:00,lightgbm_v2_5,55.8856,,
2026-07-06 02:15:07.056155+03:00,2026-07-08 20:00:00+03:00,lightgbm_v2_5,54.8492,,
2026-07-06 02:15:07.056155+03:00,2026-07-08 21:00:00+03:00,lightgbm_v2_5,54.2252,,
2026-07-06 02:15:07.056155+03:00,2026-07-08 22:00:00+03:00,lightgbm_v2_5,53.2724,,
2026-07-06 02:15:07.056155+03:00,2026-07-08 23:00:00+03:00,lightgbm_v2_5,50.0296,,
2026-07-06 02:15:07.056155+03:00,2026-07-09 00:00:00+03:00,lightgbm_v2_5,46.195,,
2026-07-06 02:15:07.056155+03:00,2026-07-09 01:00:00+03:00,lightgbm_v2_5,44.9944,,
2026-07-06 02:15:07.056155+03:00,2026-07-09 02:00:00+03:00,lightgbm_v2_5,45.1522,,
2026-07-06 02:15:07.056155+03:00,2026-07-09 03:00:00+03:00,lightgbm_v2_5,45.2152,,
2026-07-06 02:15:07.056155+03:00,2026-07-09 04:00:00+03:00,lightgbm_v2_5,45.6353,,
2026-07-06 02:15:07.056155+03:00,2026-07-09 05:00:00+03:00,lightgbm_v2_5,46.737,,
2026-07-06 02:15:07.056155+03:00,2026-07-09 06:00:00+03:00,lightgbm_v2_5,49.885,,
2026-07-06 02:15:07.056155+03:00,2026-07-09 07:00:00+03:00,lightgbm_v2_5,53.139,,
2026-07-06 02:15:07.056155+03:00,2026-07-09 08:00:00+03:00,lightgbm_v2_5,55.8752,,
2026-07-06 02:15:07.056155+03:00,2026-07-09 09:00:00+03:00,lightgbm_v2_5,56.402,,
2026-07-06 02:15:07.056155+03:00,2026-07-09 10:00:00+03:00,lightgbm_v2_5,56.3133,,
2026-07-06 02:15:07.056155+03:00,2026-07-09 11:00:00+03:00,lightgbm_v2_5,56.2432,,
2026-07-06 02:15:07.056155+03:00,2026-07-09 12:00:00+03:00,lightgbm_v2_5,56.2455,,
2026-07-06 02:15:07.056155+03:00,2026-07-09 13:00:00+03:00,lightgbm_v2_5,56.2334,,
2026-07-06 02:15:07.056155+03:00,2026-07-09 14:00:00+03:00,lightgbm_v2_5,56.3625,,
2026-07-06 02:15:07.056155+03:00,2026-07-09 15:00:00+03:00,lightgbm_v2_5,56.4205,,
2026-07-06 02:15:07.056155+03:00,2026-07-09 16:00:00+03:00,lightgbm_v2_5,56.3951,,
2026-07-06 02:15:07.056155+03:00,2026-07-09 17:00:00+03:00,lightgbm_v2_5,56.5326,,
2026-07-06 02:15:07.056155+03:00,2026-07-09 18:00:00+03:00,lightgbm_v2_5,56.4055,,
2026-07-06 02:15:07.056155+03:00,2026-07-09 19:00:00+03:00,lightgbm_v2_5,55.875,,
2026-07-06 02:15:07.056155+03:00,2026-07-09 20:00:00+03:00,lightgbm_v2_5,54.8332,,
2026-07-06 02:15:07.056155+03:00,2026-07-09 21:00:00+03:00,lightgbm_v2_5,54.2186,,
2026-07-06 02:15:07.056155+03:00,2026-07-09 22:00:00+03:00,lightgbm_v2_5,53.278,,
2026-07-06 02:15:07.056155+03:00,2026-07-09 23:00:00+03:00,lightgbm_v2_5,50.034,,
2026-07-06 02:15:07.056155+03:00,2026-07-10 00:00:00+03:00,lightgbm_v2_5,46.1757,,
2026-07-06 02:15:07.056155+03:00,2026-07-10 01:00:00+03:00,lightgbm_v2_5,44.9937,,
2026-07-06 02:15:07.056155+03:00,2026-07-10 02:00:00+03:00,lightgbm_v2_5,45.1502,,
2026-07-06 02:15:07.056155+03:00,2026-07-10 03:00:00+03:00,lightgbm_v2_5,45.211,,
2026-07-06 02:15:07.056155+03:00,2026-07-10 04:00:00+03:00,lightgbm_v2_5,45.6135,,
2026-07-06 02:15:07.056155+03:00,2026-07-10 05:00:00+03:00,lightgbm_v2_5,46.7139,,
2026-07-06 02:15:07.056155+03:00,2026-07-10 06:00:00+03:00,lightgbm_v2_5,49.8549,,
2026-07-06 02:15:07.056155+03:00,2026-07-10 07:00:00+03:00,lightgbm_v2_5,53.1061,,
2026-07-06 02:15:07.056155+03:00,2026-07-10 08:00:00+03:00,lightgbm_v2_5,55.6596,,
2026-07-06 02:15:07.056155+03:00,2026-07-10 09:00:00+03:00,lightgbm_v2_5,55.7832,,
2026-07-06 02:15:07.056155+03:00,2026-07-10 10:00:00+03:00,lightgbm_v2_5,55.7128,,
2026-07-06 02:15:07.056155+03:00,2026-07-10 11:00:00+03:00,lightgbm_v2_5,55.6396,,
2026-07-06 02:15:07.056155+03:00,2026-07-10 12:00:00+03:00,lightgbm_v2_5,55.6515,,
2026-07-06 02:15:07.056155+03:00,2026-07-10 13:00:00+03:00,lightgbm_v2_5,55.6303,,
2026-07-06 02:15:07.056155+03:00,2026-07-10 14:00:00+03:00,lightgbm_v2_5,55.7539,,
2026-07-06 02:15:07.056155+03:00,2026-07-10 15:00:00+03:00,lightgbm_v2_5,55.8158,,
2026-07-06 02:15:07.056155+03:00,2026-07-10 16:00:00+03:00,lightgbm_v2_5,55.7923,,
2026-07-06 02:15:07.056155+03:00,2026-07-10 17:00:00+03:00,lightgbm_v2_5,56.2477,,
2026-07-06 02:15:07.056155+03:00,2026-07-10 18:00:00+03:00,lightgbm_v2_5,56.3944,,
2026-07-06 02:15:07.056155+03:00,2026-07-10 19:00:00+03:00,lightgbm_v2_5,55.8504,,
2026-07-06 02:15:07.056155+03:00,2026-07-10 20:00:00+03:00,lightgbm_v2_5,54.8336,,
2026-07-06 02:15:07.056155+03:00,2026-07-10 21:00:00+03:00,lightgbm_v2_5,54.2189,,
2026-07-06 02:15:07.056155+03:00,2026-07-10 22:00:00+03:00,lightgbm_v2_5,53.2977,,
2026-07-06 02:15:07.056155+03:00,2026-07-10 23:00:00+03:00,lightgbm_v2_5,50.0281,,
2026-07-06 02:15:07.056155+03:00,2026-07-11 00:00:00+03:00,lightgbm_v2_5,46.105,,
2026-07-06 02:15:07.056155+03:00,2026-07-11 01:00:00+03:00,lightgbm_v2_5,44.9719,,
2026-07-06 02:15:07.056155+03:00,2026-07-11 02:00:00+03:00,lightgbm_v2_5,45.1319,,
2026-07-06 02:15:07.056155+03:00,2026-07-11 03:00:00+03:00,lightgbm_v2_5,45.195,,
2026-07-06 02:15:07.056155+03:00,2026-07-11 04:00:00+03:00,lightgbm_v2_5,45.2658,,
2026-07-06 02:15:07.056155+03:00,2026-07-11 05:00:00+03:00,lightgbm_v2_5,45.6623,,
2026-07-06 02:15:07.056155+03:00,2026-07-11 06:00:00+03:00,lightgbm_v2_5,45.8236,,
2026-07-06 02:15:07.056155+03:00,2026-07-11 07:00:00+03:00,lightgbm_v2_5,45.9378,,
2026-07-06 02:15:07.056155+03:00,2026-07-11 08:00:00+03:00,lightgbm_v2_5,45.8349,,
2026-07-06 02:15:07.056155+03:00,2026-07-11 09:00:00+03:00,lightgbm_v2_5,45.668,,
2026-07-06 02:15:07.056155+03:00,2026-07-11 10:00:00+03:00,lightgbm_v2_5,45.6352,,
2026-07-06 02:15:07.056155+03:00,2026-07-11 11:00:00+03:00,lightgbm_v2_5,45.637,,
2026-07-06 02:15:07.056155+03:00,2026-07-11 12:00:00+03:00,lightgbm_v2_5,45.6647,,
2026-07-06 02:15:07.056155+03:00,2026-07-11 13:00:00+03:00,lightgbm_v2_5,45.6251,,
2026-07-06 02:15:07.056155+03:00,2026-07-11 14:00:00+03:00,lightgbm_v2_5,45.673,,
2026-07-06 02:15:07.056155+03:00,2026-07-11 15:00:00+03:00,lightgbm_v2_5,45.7404,,
2026-07-06 02:15:07.056155+03:00,2026-07-11 16:00:00+03:00,lightgbm_v2_5,45.7431,,
2026-07-06 02:15:07.056155+03:00,2026-07-11 17:00:00+03:00,lightgbm_v2_5,45.8407,,
2026-07-06 02:15:07.056155+03:00,2026-07-11 18:00:00+03:00,lightgbm_v2_5,45.7154,,
2026-07-06 02:15:07.056155+03:00,2026-07-11 19:00:00+03:00,lightgbm_v2_5,45.5612,,
2026-07-06 02:15:07.056155+03:00,2026-07-11 20:00:00+03:00,lightgbm_v2_5,44.911,,
2026-07-06 02:15:07.056155+03:00,2026-07-11 21:00:00+03:00,lightgbm_v2_5,43.2717,,
2026-07-06 02:15:07.056155+03:00,2026-07-11 22:00:00+03:00,lightgbm_v2_5,42.5788,,
2026-07-06 02:15:07.056155+03:00,2026-07-11 23:00:00+03:00,lightgbm_v2_5,39.5196,,
2026-07-06 02:15:07.056155+03:00,2026-07-12 00:00:00+03:00,lightgbm_v2_5,36.7254,,
2026-07-06 02:15:07.056155+03:00,2026-07-12 01:00:00+03:00,lightgbm_v2_5,35.0888,,
2026-07-06 02:15:07.056155+03:00,2026-07-12 02:00:00+03:00,lightgbm_v2_5,34.2781,,
2026-07-06 02:15:07.056155+03:00,2026-07-12 03:00:00+03:00,lightgbm_v2_5,34.3692,,
2026-07-06 02:15:07.056155+03:00,2026-07-12 04:00:00+03:00,lightgbm_v2_5,34.3922,,
2026-07-06 02:15:07.056155+03:00,2026-07-12 05:00:00+03:00,lightgbm_v2_5,34.4441,,
2026-07-06 02:15:07.056155+03:00,2026-07-12 06:00:00+03:00,lightgbm_v2_5,34.4405,,
2026-07-06 02:15:07.056155+03:00,2026-07-12 07:00:00+03:00,lightgbm_v2_5,34.9184,,
2026-07-06 02:15:07.056155+03:00,2026-07-12 08:00:00+03:00,lightgbm_v2_5,36.7223,,
2026-07-06 02:15:07.056155+03:00,2026-07-12 09:00:00+03:00,lightgbm_v2_5,38.0891,,
2026-07-06 02:15:07.056155+03:00,2026-07-12 10:00:00+03:00,lightgbm_v2_5,37.9884,,
2026-07-06 02:15:07.056155+03:00,2026-07-12 11:00:00+03:00,lightgbm_v2_5,37.9786,,
2026-07-06 02:15:07.056155+03:00,2026-07-12 12:00:00+03:00,lightgbm_v2_5,38.0122,,
2026-07-06 02:15:07.056155+03:00,2026-07-12 13:00:00+03:00,lightgbm_v2_5,37.9834,,
2026-07-06 02:15:07.056155+03:00,2026-07-12 14:00:00+03:00,lightgbm_v2_5,38.0454,,
2026-07-06 02:15:07.056155+03:00,2026-07-12 15:00:00+03:00,lightgbm_v2_5,38.1053,,
2026-07-06 02:15:07.056155+03:00,2026-07-12 16:00:00+03:00,lightgbm_v2_5,38.1036,,
2026-07-06 02:15:07.056155+03:00,2026-07-12 17:00:00+03:00,lightgbm_v2_5,38.5267,,
2026-07-06 02:15:07.056155+03:00,2026-07-12 18:00:00+03:00,lightgbm_v2_5,38.7098,,
2026-07-06 02:15:07.056155+03:00,2026-07-12 19:00:00+03:00,lightgbm_v2_5,38.6096,,
2026-07-06 02:15:07.056155+03:00,2026-07-12 20:00:00+03:00,lightgbm_v2_5,38.0513,,
2026-07-06 02:15:07.056155+03:00,2026-07-12 21:00:00+03:00,lightgbm_v2_5,37.6343,,
2026-07-06 02:15:07.056155+03:00,2026-07-12 22:00:00+03:00,lightgbm_v2_5,36.9632,,
2026-07-06 02:15:07.056155+03:00,2026-07-12 23:00:00+03:00,lightgbm_v2_5,34.0484,,
2026-07-06 02:15:07.056155+03:00,2026-07-13 00:00:00+03:00,lightgbm_v2_5,31.2977,,
2026-07-06 02:15:07.056155+03:00,2026-07-13 01:00:00+03:00,lightgbm_v2_5,30.7097,,
2026-07-06 02:15:07.056155+03:00,2026-07-13 02:00:00+03:00,lightgbm_v2_5,30.8164,,
2026-07-06 02:15:07.056155+03:00,2026-07-06 03:00:00+03:00,xgboost_v1,5.0973,,
2026-07-06 02:15:07.056155+03:00,2026-07-06 04:00:00+03:00,xgboost_v1,5.0973,,
2026-07-06 02:15:07.056155+03:00,2026-07-06 05:00:00+03:00,xgboost_v1,5.0973,,
2026-07-06 02:15:07.056155+03:00,2026-07-06 06:00:00+03:00,xgboost_v1,5.0973,,
2026-07-06 02:15:07.056155+03:00,2026-07-06 07:00:00+03:00,xgboost_v1,5.0973,,
2026-07-06 02:15:07.056155+03:00,2026-07-06 08:00:00+03:00,xgboost_v1,5.0973,,
2026-07-06 02:15:07.056155+03:00,2026-07-06 09:00:00+03:00,xgboost_v1,5.0973,,
2026-07-06 02:15:07.056155+03:00,2026-07-06 10:00:00+03:00,xgboost_v1,5.0973,,
2026-07-06 02:15:07.056155+03:00,2026-07-06 11:00:00+03:00,xgboost_v1,5.0973,,
2026-07-06 02:15:07.056155+03:00,2026-07-06 12:00:00+03:00,xgboost_v1,5.0973,,
2026-07-06 02:15:07.056155+03:00,2026-07-06 13:00:00+03:00,xgboost_v1,5.0973,,
2026-07-06 02:15:07.056155+03:00,2026-07-06 14:00:00+03:00,xgboost_v1,5.0973,,
2026-07-06 02:15:07.056155+03:00,2026-07-06 15:00:00+03:00,xgboost_v1,5.0973,,
2026-07-06 02:15:07.056155+03:00,2026-07-06 16:00:00+03:00,xgboost_v1,5.0973,,
2026-07-06 02:15:07.056155+03:00,2026-07-06 17:00:00+03:00,xgboost_v1,5.0973,,
2026-07-06 02:15:07.056155+03:00,2026-07-06 18:00:00+03:00,xgboost_v1,5.0973,,
2026-07-06 02:15:07.056155+03:00,2026-07-06 19:00:00+03:00,xgboost_v1,5.0973,,
2026-07-06 02:15:07.056155+03:00,2026-07-06 20:00:00+03:00,xgboost_v1,5.0973,,
2026-07-06 02:15:07.056155+03:00,2026-07-06 21:00:00+03:00,xgboost_v1,5.0973,,
2026-07-06 02:15:07.056155+03:00,2026-07-06 22:00:00+03:00,xgboost_v1,5.0973,,
2026-07-06 02:15:07.056155+03:00,2026-07-06 23:00:00+03:00,xgboost_v1,5.0973,,
2026-07-06 02:15:07.056155+03:00,2026-07-07 00:00:00+03:00,xgboost_v1,5.0973,,
2026-07-06 02:15:07.056155+03:00,2026-07-07 01:00:00+03:00,xgboost_v1,5.0973,,
2026-07-06 02:15:07.056155+03:00,2026-07-07 02:00:00+03:00,xgboost_v1,5.0973,,
2026-07-06 02:15:07.056155+03:00,2026-07-07 03:00:00+03:00,xgboost_v1,5.0973,,
2026-07-06 02:15:07.056155+03:00,2026-07-07 04:00:00+03:00,xgboost_v1,5.0973,,
2026-07-06 02:15:07.056155+03:00,2026-07-07 05:00:00+03:00,xgboost_v1,5.0973,,
2026-07-06 02:15:07.056155+03:00,2026-07-07 06:00:00+03:00,xgboost_v1,5.0973,,
2026-07-06 02:15:07.056155+03:00,2026-07-07 07:00:00+03:00,xgboost_v1,5.0973,,
2026-07-06 02:15:07.056155+03:00,2026-07-07 08:00:00+03:00,xgboost_v1,5.0973,,
2026-07-06 02:15:07.056155+03:00,2026-07-07 09:00:00+03:00,xgboost_v1,5.0973,,
2026-07-06 02:15:07.056155+03:00,2026-07-07 10:00:00+03:00,xgboost_v1,5.0973,,
2026-07-06 02:15:07.056155+03:00,2026-07-07 11:00:00+03:00,xgboost_v1,5.0973,,
2026-07-06 02:15:07.056155+03:00,2026-07-07 12:00:00+03:00,xgboost_v1,5.0973,,
2026-07-06 02:15:07.056155+03:00,2026-07-07 13:00:00+03:00,xgboost_v1,5.0973,,
2026-07-06 02:15:07.056155+03:00,2026-07-07 14:00:00+03:00,xgboost_v1,5.0973,,
2026-07-06 02:15:07.056155+03:00,2026-07-07 15:00:00+03:00,xgboost_v1,5.0973,,
2026-07-06 02:15:07.056155+03:00,2026-07-07 16:00:00+03:00,xgboost_v1,5.0973,,
2026-07-06 02:15:07.056155+03:00,2026-07-07 17:00:00+03:00,xgboost_v1,5.0973,,
2026-07-06 02:15:07.056155+03:00,2026-07-07 18:00:00+03:00,xgboost_v1,5.0973,,
2026-07-06 02:15:07.056155+03:00,2026-07-07 19:00:00+03:00,xgboost_v1,5.0973,,
2026-07-06 02:15:07.056155+03:00,2026-07-07 20:00:00+03:00,xgboost_v1,5.0973,,
2026-07-06 02:15:07.056155+03:00,2026-07-07 21:00:00+03:00,xgboost_v1,5.0973,,
2026-07-06 02:15:07.056155+03:00,2026-07-07 22:00:00+03:00,xgboost_v1,5.0973,,
2026-07-06 02:15:07.056155+03:00,2026-07-07 23:00:00+03:00,xgboost_v1,5.0973,,
2026-07-06 02:15:07.056155+03:00,2026-07-08 00:00:00+03:00,xgboost_v1,5.0973,,
2026-07-06 02:15:07.056155+03:00,2026-07-08 01:00:00+03:00,xgboost_v1,5.0973,,
2026-07-06 02:15:07.056155+03:00,2026-07-08 02:00:00+03:00,xgboost_v1,5.0973,,
2026-07-06 02:15:07.056155+03:00,2026-07-08 03:00:00+03:00,xgboost_v1,5.0973,,
2026-07-06 02:15:07.056155+03:00,2026-07-08 04:00:00+03:00,xgboost_v1,5.0973,,
2026-07-06 02:15:07.056155+03:00,2026-07-08 05:00:00+03:00,xgboost_v1,5.0973,,
2026-07-06 02:15:07.056155+03:00,2026-07-08 06:00:00+03:00,xgboost_v1,5.0973,,
2026-07-06 02:15:07.056155+03:00,2026-07-08 07:00:00+03:00,xgboost_v1,5.0973,,
2026-07-06 02:15:07.056155+03:00,2026-07-08 08:00:00+03:00,xgboost_v1,5.0973,,
2026-07-06 02:15:07.056155+03:00,2026-07-08 09:00:00+03:00,xgboost_v1,5.0973,,
2026-07-06 02:15:07.056155+03:00,2026-07-08 10:00:00+03:00,xgboost_v1,5.0973,,
2026-07-06 02:15:07.056155+03:00,2026-07-08 11:00:00+03:00,xgboost_v1,5.0973,,
2026-07-06 02:15:07.056155+03:00,2026-07-08 12:00:00+03:00,xgboost_v1,5.0973,,
2026-07-06 02:15:07.056155+03:00,2026-07-08 13:00:00+03:00,xgboost_v1,5.0973,,
2026-07-06 02:15:07.056155+03:00,2026-07-08 14:00:00+03:00,xgboost_v1,5.0973,,
2026-07-06 02:15:07.056155+03:00,2026-07-08 15:00:00+03:00,xgboost_v1,5.0973,,
2026-07-06 02:15:07.056155+03:00,2026-07-08 16:00:00+03:00,xgboost_v1,5.0973,,
2026-07-06 02:15:07.056155+03:00,2026-07-08 17:00:00+03:00,xgboost_v1,5.0973,,
2026-07-06 02:15:07.056155+03:00,2026-07-08 18:00:00+03:00,xgboost_v1,5.0973,,
2026-07-06 02:15:07.056155+03:00,2026-07-08 19:00:00+03:00,xgboost_v1,5.0973,,
2026-07-06 02:15:07.056155+03:00,2026-07-08 20:00:00+03:00,xgboost_v1,5.0973,,
2026-07-06 02:15:07.056155+03:00,2026-07-08 21:00:00+03:00,xgboost_v1,5.0973,,
2026-07-06 02:15:07.056155+03:00,2026-07-08 22:00:00+03:00,xgboost_v1,5.0973,,
2026-07-06 02:15:07.056155+03:00,2026-07-08 23:00:00+03:00,xgboost_v1,5.0973,,
2026-07-06 02:15:07.056155+03:00,2026-07-09 00:00:00+03:00,xgboost_v1,5.0973,,
2026-07-06 02:15:07.056155+03:00,2026-07-09 01:00:00+03:00,xgboost_v1,5.0973,,
2026-07-06 02:15:07.056155+03:00,2026-07-09 02:00:00+03:00,xgboost_v1,5.0973,,
2026-07-06 02:15:07.056155+03:00,2026-07-09 03:00:00+03:00,xgboost_v1,5.0973,,
2026-07-06 02:15:07.056155+03:00,2026-07-09 04:00:00+03:00,xgboost_v1,5.0973,,
2026-07-06 02:15:07.056155+03:00,2026-07-09 05:00:00+03:00,xgboost_v1,5.0973,,
2026-07-06 02:15:07.056155+03:00,2026-07-09 06:00:00+03:00,xgboost_v1,5.0973,,
2026-07-06 02:15:07.056155+03:00,2026-07-09 07:00:00+03:00,xgboost_v1,5.0973,,
2026-07-06 02:15:07.056155+03:00,2026-07-09 08:00:00+03:00,xgboost_v1,5.0973,,
2026-07-06 02:15:07.056155+03:00,2026-07-09 09:00:00+03:00,xgboost_v1,5.0973,,
2026-07-06 02:15:07.056155+03:00,2026-07-09 10:00:00+03:00,xgboost_v1,5.0973,,
2026-07-06 02:15:07.056155+03:00,2026-07-09 11:00:00+03:00,xgboost_v1,5.0973,,
2026-07-06 02:15:07.056155+03:00,2026-07-09 12:00:00+03:00,xgboost_v1,5.0973,,
2026-07-06 02:15:07.056155+03:00,2026-07-09 13:00:00+03:00,xgboost_v1,5.0973,,
2026-07-06 02:15:07.056155+03:00,2026-07-09 14:00:00+03:00,xgboost_v1,5.0973,,
2026-07-06 02:15:07.056155+03:00,2026-07-09 15:00:00+03:00,xgboost_v1,5.0973,,
2026-07-06 02:15:07.056155+03:00,2026-07-09 16:00:00+03:00,xgboost_v1,5.0973,,
2026-07-06 02:15:07.056155+03:00,2026-07-09 17:00:00+03:00,xgboost_v1,5.0973,,
2026-07-06 02:15:07.056155+03:00,2026-07-09 18:00:00+03:00,xgboost_v1,5.0973,,
2026-07-06 02:15:07.056155+03:00,2026-07-09 19:00:00+03:00,xgboost_v1,5.0973,,
2026-07-06 02:15:07.056155+03:00,2026-07-09 20:00:00+03:00,xgboost_v1,5.0973,,
2026-07-06 02:15:07.056155+03:00,2026-07-09 21:00:00+03:00,xgboost_v1,5.0973,,
2026-07-06 02:15:07.056155+03:00,2026-07-09 22:00:00+03:00,xgboost_v1,5.0973,,
2026-07-06 02:15:07.056155+03:00,2026-07-09 23:00:00+03:00,xgboost_v1,5.0973,,
2026-07-06 02:15:07.056155+03:00,2026-07-10 00:00:00+03:00,xgboost_v1,5.0973,,
2026-07-06 02:15:07.056155+03:00,2026-07-10 01:00:00+03:00,xgboost_v1,5.0973,,
2026-07-06 02:15:07.056155+03:00,2026-07-10 02:00:00+03:00,xgboost_v1,5.0973,,
2026-07-06 02:15:07.056155+03:00,2026-07-10 03:00:00+03:00,xgboost_v1,5.0973,,
2026-07-06 02:15:07.056155+03:00,2026-07-10 04:00:00+03:00,xgboost_v1,5.0973,,
2026-07-06 02:15:07.056155+03:00,2026-07-10 05:00:00+03:00,xgboost_v1,5.0973,,
2026-07-06 02:15:07.056155+03:00,2026-07-10 06:00:00+03:00,xgboost_v1,5.0973,,
2026-07-06 02:15:07.056155+03:00,2026-07-10 07:00:00+03:00,xgboost_v1,5.0973,,
2026-07-06 02:15:07.056155+03:00,2026-07-10 08:00:00+03:00,xgboost_v1,5.0973,,
2026-07-06 02:15:07.056155+03:00,2026-07-10 09:00:00+03:00,xgboost_v1,5.0973,,
2026-07-06 02:15:07.056155+03:00,2026-07-10 10:00:00+03:00,xgboost_v1,5.0973,,
2026-07-06 02:15:07.056155+03:00,2026-07-10 11:00:00+03:00,xgboost_v1,5.0973,,
2026-07-06 02:15:07.056155+03:00,2026-07-10 12:00:00+03:00,xgboost_v1,5.0973,,
2026-07-06 02:15:07.056155+03:00,2026-07-10 13:00:00+03:00,xgboost_v1,5.0973,,
2026-07-06 02:15:07.056155+03:00,2026-07-10 14:00:00+03:00,xgboost_v1,5.0973,,
2026-07-06 02:15:07.056155+03:00,2026-07-10 15:00:00+03:00,xgboost_v1,5.0973,,
2026-07-06 02:15:07.056155+03:00,2026-07-10 16:00:00+03:00,xgboost_v1,5.0973,,
2026-07-06 02:15:07.056155+03:00,2026-07-10 17:00:00+03:00,xgboost_v1,5.0973,,
2026-07-06 02:15:07.056155+03:00,2026-07-10 18:00:00+03:00,xgboost_v1,5.0973,,
2026-07-06 02:15:07.056155+03:00,2026-07-10 19:00:00+03:00,xgboost_v1,5.0973,,
2026-07-06 02:15:07.056155+03:00,2026-07-10 20:00:00+03:00,xgboost_v1,5.0973,,
2026-07-06 02:15:07.056155+03:00,2026-07-10 21:00:00+03:00,xgboost_v1,5.0973,,
2026-07-06 02:15:07.056155+03:00,2026-07-10 22:00:00+03:00,xgboost_v1,5.0973,,
2026-07-06 02:15:07.056155+03:00,2026-07-10 23:00:00+03:00,xgboost_v1,5.0973,,
2026-07-06 02:15:07.056155+03:00,2026-07-11 00:00:00+03:00,xgboost_v1,5.0973,,
2026-07-06 02:15:07.056155+03:00,2026-07-11 01:00:00+03:00,xgboost_v1,5.0973,,
2026-07-06 02:15:07.056155+03:00,2026-07-11 02:00:00+03:00,xgboost_v1,5.0973,,
2026-07-06 02:15:07.056155+03:00,2026-07-11 03:00:00+03:00,xgboost_v1,5.0973,,
2026-07-06 02:15:07.056155+03:00,2026-07-11 04:00:00+03:00,xgboost_v1,5.0973,,
2026-07-06 02:15:07.056155+03:00,2026-07-11 05:00:00+03:00,xgboost_v1,5.0973,,
2026-07-06 02:15:07.056155+03:00,2026-07-11 06:00:00+03:00,xgboost_v1,5.0973,,
2026-07-06 02:15:07.056155+03:00,2026-07-11 07:00:00+03:00,xgboost_v1,5.0973,,
2026-07-06 02:15:07.056155+03:00,2026-07-11 08:00:00+03:00,xgboost_v1,5.0973,,
2026-07-06 02:15:07.056155+03:00,2026-07-11 09:00:00+03:00,xgboost_v1,5.0973,,
2026-07-06 02:15:07.056155+03:00,2026-07-11 10:00:00+03:00,xgboost_v1,5.0973,,
2026-07-06 02:15:07.056155+03:00,2026-07-11 11:00:00+03:00,xgboost_v1,5.0973,,
2026-07-06 02:15:07.056155+03:00,2026-07-11 12:00:00+03:00,xgboost_v1,5.0973,,
2026-07-06 02:15:07.056155+03:00,2026-07-11 13:00:00+03:00,xgboost_v1,5.0973,,
2026-07-06 02:15:07.056155+03:00,2026-07-11 14:00:00+03:00,xgboost_v1,5.0973,,
2026-07-06 02:15:07.056155+03:00,2026-07-11 15:00:00+03:00,xgboost_v1,5.0973,,
2026-07-06 02:15:07.056155+03:00,2026-07-11 16:00:00+03:00,xgboost_v1,5.0973,,
2026-07-06 02:15:07.056155+03:00,2026-07-11 17:00:00+03:00,xgboost_v1,5.0973,,
2026-07-06 02:15:07.056155+03:00,2026-07-11 18:00:00+03:00,xgboost_v1,5.0973,,
2026-07-06 02:15:07.056155+03:00,2026-07-11 19:00:00+03:00,xgboost_v1,5.0973,,
2026-07-06 02:15:07.056155+03:00,2026-07-11 20:00:00+03:00,xgboost_v1,5.0973,,
2026-07-06 02:15:07.056155+03:00,2026-07-11 21:00:00+03:00,xgboost_v1,5.0973,,
2026-07-06 02:15:07.056155+03:00,2026-07-11 22:00:00+03:00,xgboost_v1,5.0973,,
2026-07-06 02:15:07.056155+03:00,2026-07-11 23:00:00+03:00,xgboost_v1,5.0973,,
2026-07-06 02:15:07.056155+03:00,2026-07-12 00:00:00+03:00,xgboost_v1,5.0973,,
2026-07-06 02:15:07.056155+03:00,2026-07-12 01:00:00+03:00,xgboost_v1,5.0973,,
2026-07-06 02:15:07.056155+03:00,2026-07-12 02:00:00+03:00,xgboost_v1,5.0973,,
2026-07-06 02:15:07.056155+03:00,2026-07-12 03:00:00+03:00,xgboost_v1,5.0973,,
2026-07-06 02:15:07.056155+03:00,2026-07-12 04:00:00+03:00,xgboost_v1,5.0973,,
2026-07-06 02:15:07.056155+03:00,2026-07-12 05:00:00+03:00,xgboost_v1,5.0973,,
2026-07-06 02:15:07.056155+03:00,2026-07-12 06:00:00+03:00,xgboost_v1,5.0973,,
2026-07-06 02:15:07.056155+03:00,2026-07-12 07:00:00+03:00,xgboost_v1,5.0973,,
2026-07-06 02:15:07.056155+03:00,2026-07-12 08:00:00+03:00,xgboost_v1,5.0973,,
2026-07-06 02:15:07.056155+03:00,2026-07-12 09:00:00+03:00,xgboost_v1,5.0973,,
2026-07-06 02:15:07.056155+03:00,2026-07-12 10:00:00+03:00,xgboost_v1,5.0973,,
2026-07-06 02:15:07.056155+03:00,2026-07-12 11:00:00+03:00,xgboost_v1,5.0973,,
2026-07-06 02:15:07.056155+03:00,2026-07-12 12:00:00+03:00,xgboost_v1,5.0973,,
2026-07-06 02:15:07.056155+03:00,2026-07-12 13:00:00+03:00,xgboost_v1,5.0973,,
2026-07-06 02:15:07.056155+03:00,2026-07-12 14:00:00+03:00,xgboost_v1,5.0973,,
2026-07-06 02:15:07.056155+03:00,2026-07-12 15:00:00+03:00,xgboost_v1,5.0973,,
2026-07-06 02:15:07.056155+03:00,2026-07-12 16:00:00+03:00,xgboost_v1,5.0973,,
2026-07-06 02:15:07.056155+03:00,2026-07-12 17:00:00+03:00,xgboost_v1,5.0973,,
2026-07-06 02:15:07.056155+03:00,2026-07-12 18:00:00+03:00,xgboost_v1,5.0973,,
2026-07-06 02:15:07.056155+03:00,2026-07-12 19:00:00+03:00,xgboost_v1,5.0973,,
2026-07-06 02:15:07.056155+03:00,2026-07-12 20:00:00+03:00,xgboost_v1,5.0973,,
2026-07-06 02:15:07.056155+03:00,2026-07-12 21:00:00+03:00,xgboost_v1,5.0973,,
2026-07-06 02:15:07.056155+03:00,2026-07-12 22:00:00+03:00,xgboost_v1,5.0973,,
2026-07-06 02:15:07.056155+03:00,2026-07-12 23:00:00+03:00,xgboost_v1,5.0973,,
2026-07-06 02:15:07.056155+03:00,2026-07-13 00:00:00+03:00,xgboost_v1,5.0973,,
2026-07-06 02:15:07.056155+03:00,2026-07-13 01:00:00+03:00,xgboost_v1,5.0973,,
2026-07-06 02:15:07.056155+03:00,2026-07-13 02:00:00+03:00,xgboost_v1,5.0973,,
2026-07-06 02:15:07.056155+03:00,2026-07-06 03:00:00+03:00,xgboost_v1_5,12.949,,
2026-07-06 02:15:07.056155+03:00,2026-07-06 04:00:00+03:00,xgboost_v1_5,12.949,,
2026-07-06 02:15:07.056155+03:00,2026-07-06 05:00:00+03:00,xgboost_v1_5,12.949,,
2026-07-06 02:15:07.056155+03:00,2026-07-06 06:00:00+03:00,xgboost_v1_5,12.949,,
2026-07-06 02:15:07.056155+03:00,2026-07-06 07:00:00+03:00,xgboost_v1_5,12.949,,
2026-07-06 02:15:07.056155+03:00,2026-07-06 08:00:00+03:00,xgboost_v1_5,12.949,,
2026-07-06 02:15:07.056155+03:00,2026-07-06 09:00:00+03:00,xgboost_v1_5,12.949,,
2026-07-06 02:15:07.056155+03:00,2026-07-06 10:00:00+03:00,xgboost_v1_5,12.949,,
2026-07-06 02:15:07.056155+03:00,2026-07-06 11:00:00+03:00,xgboost_v1_5,12.949,,
2026-07-06 02:15:07.056155+03:00,2026-07-06 12:00:00+03:00,xgboost_v1_5,12.949,,
2026-07-06 02:15:07.056155+03:00,2026-07-06 13:00:00+03:00,xgboost_v1_5,12.949,,
2026-07-06 02:15:07.056155+03:00,2026-07-06 14:00:00+03:00,xgboost_v1_5,12.949,,
2026-07-06 02:15:07.056155+03:00,2026-07-06 15:00:00+03:00,xgboost_v1_5,12.949,,
2026-07-06 02:15:07.056155+03:00,2026-07-06 16:00:00+03:00,xgboost_v1_5,12.949,,
2026-07-06 02:15:07.056155+03:00,2026-07-06 17:00:00+03:00,xgboost_v1_5,12.949,,
2026-07-06 02:15:07.056155+03:00,2026-07-06 18:00:00+03:00,xgboost_v1_5,12.949,,
2026-07-06 02:15:07.056155+03:00,2026-07-06 19:00:00+03:00,xgboost_v1_5,12.949,,
2026-07-06 02:15:07.056155+03:00,2026-07-06 20:00:00+03:00,xgboost_v1_5,12.949,,
2026-07-06 02:15:07.056155+03:00,2026-07-06 21:00:00+03:00,xgboost_v1_5,12.949,,
2026-07-06 02:15:07.056155+03:00,2026-07-06 22:00:00+03:00,xgboost_v1_5,12.949,,
2026-07-06 02:15:07.056155+03:00,2026-07-06 23:00:00+03:00,xgboost_v1_5,12.949,,
2026-07-06 02:15:07.056155+03:00,2026-07-07 00:00:00+03:00,xgboost_v1_5,12.949,,
2026-07-06 02:15:07.056155+03:00,2026-07-07 01:00:00+03:00,xgboost_v1_5,12.949,,
2026-07-06 02:15:07.056155+03:00,2026-07-07 02:00:00+03:00,xgboost_v1_5,12.949,,
2026-07-06 02:15:07.056155+03:00,2026-07-07 03:00:00+03:00,xgboost_v1_5,12.949,,
2026-07-06 02:15:07.056155+03:00,2026-07-07 04:00:00+03:00,xgboost_v1_5,12.949,,
2026-07-06 02:15:07.056155+03:00,2026-07-07 05:00:00+03:00,xgboost_v1_5,12.949,,
2026-07-06 02:15:07.056155+03:00,2026-07-07 06:00:00+03:00,xgboost_v1_5,12.949,,
2026-07-06 02:15:07.056155+03:00,2026-07-07 07:00:00+03:00,xgboost_v1_5,12.949,,
2026-07-06 02:15:07.056155+03:00,2026-07-07 08:00:00+03:00,xgboost_v1_5,12.949,,
2026-07-06 02:15:07.056155+03:00,2026-07-07 09:00:00+03:00,xgboost_v1_5,12.949,,
2026-07-06 02:15:07.056155+03:00,2026-07-07 10:00:00+03:00,xgboost_v1_5,12.949,,
2026-07-06 02:15:07.056155+03:00,2026-07-07 11:00:00+03:00,xgboost_v1_5,12.949,,
2026-07-06 02:15:07.056155+03:00,2026-07-07 12:00:00+03:00,xgboost_v1_5,12.949,,
2026-07-06 02:15:07.056155+03:00,2026-07-07 13:00:00+03:00,xgboost_v1_5,12.949,,
2026-07-06 02:15:07.056155+03:00,2026-07-07 14:00:00+03:00,xgboost_v1_5,12.949,,
2026-07-06 02:15:07.056155+03:00,2026-07-07 15:00:00+03:00,xgboost_v1_5,12.949,,
2026-07-06 02:15:07.056155+03:00,2026-07-07 16:00:00+03:00,xgboost_v1_5,12.949,,
2026-07-06 02:15:07.056155+03:00,2026-07-07 17:00:00+03:00,xgboost_v1_5,12.949,,
2026-07-06 02:15:07.056155+03:00,2026-07-07 18:00:00+03:00,xgboost_v1_5,12.949,,
2026-07-06 02:15:07.056155+03:00,2026-07-07 19:00:00+03:00,xgboost_v1_5,12.949,,
2026-07-06 02:15:07.056155+03:00,2026-07-07 20:00:00+03:00,xgboost_v1_5,12.949,,
2026-07-06 02:15:07.056155+03:00,2026-07-07 21:00:00+03:00,xgboost_v1_5,12.949,,
2026-07-06 02:15:07.056155+03:00,2026-07-07 22:00:00+03:00,xgboost_v1_5,12.949,,
2026-07-06 02:15:07.056155+03:00,2026-07-07 23:00:00+03:00,xgboost_v1_5,12.949,,
2026-07-06 02:15:07.056155+03:00,2026-07-08 00:00:00+03:00,xgboost_v1_5,12.949,,
2026-07-06 02:15:07.056155+03:00,2026-07-08 01:00:00+03:00,xgboost_v1_5,12.949,,
2026-07-06 02:15:07.056155+03:00,2026-07-08 02:00:00+03:00,xgboost_v1_5,12.949,,
2026-07-06 02:15:07.056155+03:00,2026-07-08 03:00:00+03:00,xgboost_v1_5,12.949,,
2026-07-06 02:15:07.056155+03:00,2026-07-08 04:00:00+03:00,xgboost_v1_5,12.949,,
2026-07-06 02:15:07.056155+03:00,2026-07-08 05:00:00+03:00,xgboost_v1_5,12.949,,
2026-07-06 02:15:07.056155+03:00,2026-07-08 06:00:00+03:00,xgboost_v1_5,12.949,,
2026-07-06 02:15:07.056155+03:00,2026-07-08 07:00:00+03:00,xgboost_v1_5,12.949,,
2026-07-06 02:15:07.056155+03:00,2026-07-08 08:00:00+03:00,xgboost_v1_5,12.949,,
2026-07-06 02:15:07.056155+03:00,2026-07-08 09:00:00+03:00,xgboost_v1_5,12.949,,
2026-07-06 02:15:07.056155+03:00,2026-07-08 10:00:00+03:00,xgboost_v1_5,12.949,,
2026-07-06 02:15:07.056155+03:00,2026-07-08 11:00:00+03:00,xgboost_v1_5,12.949,,
2026-07-06 02:15:07.056155+03:00,2026-07-08 12:00:00+03:00,xgboost_v1_5,12.949,,
2026-07-06 02:15:07.056155+03:00,2026-07-08 13:00:00+03:00,xgboost_v1_5,12.949,,
2026-07-06 02:15:07.056155+03:00,2026-07-08 14:00:00+03:00,xgboost_v1_5,12.949,,
2026-07-06 02:15:07.056155+03:00,2026-07-08 15:00:00+03:00,xgboost_v1_5,12.949,,
2026-07-06 02:15:07.056155+03:00,2026-07-08 16:00:00+03:00,xgboost_v1_5,12.949,,
2026-07-06 02:15:07.056155+03:00,2026-07-08 17:00:00+03:00,xgboost_v1_5,12.949,,
2026-07-06 02:15:07.056155+03:00,2026-07-08 18:00:00+03:00,xgboost_v1_5,12.949,,
2026-07-06 02:15:07.056155+03:00,2026-07-08 19:00:00+03:00,xgboost_v1_5,12.949,,
2026-07-06 02:15:07.056155+03:00,2026-07-08 20:00:00+03:00,xgboost_v1_5,12.949,,
2026-07-06 02:15:07.056155+03:00,2026-07-08 21:00:00+03:00,xgboost_v1_5,12.949,,
2026-07-06 02:15:07.056155+03:00,2026-07-08 22:00:00+03:00,xgboost_v1_5,12.949,,
2026-07-06 02:15:07.056155+03:00,2026-07-08 23:00:00+03:00,xgboost_v1_5,12.949,,
2026-07-06 02:15:07.056155+03:00,2026-07-09 00:00:00+03:00,xgboost_v1_5,12.949,,
2026-07-06 02:15:07.056155+03:00,2026-07-09 01:00:00+03:00,xgboost_v1_5,12.949,,
2026-07-06 02:15:07.056155+03:00,2026-07-09 02:00:00+03:00,xgboost_v1_5,12.949,,
2026-07-06 02:15:07.056155+03:00,2026-07-09 03:00:00+03:00,xgboost_v1_5,12.949,,
2026-07-06 02:15:07.056155+03:00,2026-07-09 04:00:00+03:00,xgboost_v1_5,12.949,,
2026-07-06 02:15:07.056155+03:00,2026-07-09 05:00:00+03:00,xgboost_v1_5,12.949,,
2026-07-06 02:15:07.056155+03:00,2026-07-09 06:00:00+03:00,xgboost_v1_5,12.949,,
2026-07-06 02:15:07.056155+03:00,2026-07-09 07:00:00+03:00,xgboost_v1_5,12.949,,
2026-07-06 02:15:07.056155+03:00,2026-07-09 08:00:00+03:00,xgboost_v1_5,12.949,,
2026-07-06 02:15:07.056155+03:00,2026-07-09 09:00:00+03:00,xgboost_v1_5,12.949,,
2026-07-06 02:15:07.056155+03:00,2026-07-09 10:00:00+03:00,xgboost_v1_5,12.949,,
2026-07-06 02:15:07.056155+03:00,2026-07-09 11:00:00+03:00,xgboost_v1_5,12.949,,
2026-07-06 02:15:07.056155+03:00,2026-07-09 12:00:00+03:00,xgboost_v1_5,12.949,,
2026-07-06 02:15:07.056155+03:00,2026-07-09 13:00:00+03:00,xgboost_v1_5,12.949,,
2026-07-06 02:15:07.056155+03:00,2026-07-09 14:00:00+03:00,xgboost_v1_5,12.949,,
2026-07-06 02:15:07.056155+03:00,2026-07-09 15:00:00+03:00,xgboost_v1_5,12.949,,
2026-07-06 02:15:07.056155+03:00,2026-07-09 16:00:00+03:00,xgboost_v1_5,12.949,,
2026-07-06 02:15:07.056155+03:00,2026-07-09 17:00:00+03:00,xgboost_v1_5,12.949,,
2026-07-06 02:15:07.056155+03:00,2026-07-09 18:00:00+03:00,xgboost_v1_5,12.949,,
2026-07-06 02:15:07.056155+03:00,2026-07-09 19:00:00+03:00,xgboost_v1_5,12.949,,
2026-07-06 02:15:07.056155+03:00,2026-07-09 20:00:00+03:00,xgboost_v1_5,12.949,,
2026-07-06 02:15:07.056155+03:00,2026-07-09 21:00:00+03:00,xgboost_v1_5,12.949,,
2026-07-06 02:15:07.056155+03:00,2026-07-09 22:00:00+03:00,xgboost_v1_5,12.949,,
2026-07-06 02:15:07.056155+03:00,2026-07-09 23:00:00+03:00,xgboost_v1_5,12.949,,
2026-07-06 02:15:07.056155+03:00,2026-07-10 00:00:00+03:00,xgboost_v1_5,12.949,,
2026-07-06 02:15:07.056155+03:00,2026-07-10 01:00:00+03:00,xgboost_v1_5,12.949,,
2026-07-06 02:15:07.056155+03:00,2026-07-10 02:00:00+03:00,xgboost_v1_5,12.949,,
2026-07-06 02:15:07.056155+03:00,2026-07-10 03:00:00+03:00,xgboost_v1_5,12.949,,
2026-07-06 02:15:07.056155+03:00,2026-07-10 04:00:00+03:00,xgboost_v1_5,12.949,,
2026-07-06 02:15:07.056155+03:00,2026-07-10 05:00:00+03:00,xgboost_v1_5,12.949,,
2026-07-06 02:15:07.056155+03:00,2026-07-10 06:00:00+03:00,xgboost_v1_5,12.949,,
2026-07-06 02:15:07.056155+03:00,2026-07-10 07:00:00+03:00,xgboost_v1_5,12.949,,
2026-07-06 02:15:07.056155+03:00,2026-07-10 08:00:00+03:00,xgboost_v1_5,12.949,,
2026-07-06 02:15:07.056155+03:00,2026-07-10 09:00:00+03:00,xgboost_v1_5,12.949,,
2026-07-06 02:15:07.056155+03:00,2026-07-10 10:00:00+03:00,xgboost_v1_5,12.949,,
2026-07-06 02:15:07.056155+03:00,2026-07-10 11:00:00+03:00,xgboost_v1_5,12.949,,
2026-07-06 02:15:07.056155+03:00,2026-07-10 12:00:00+03:00,xgboost_v1_5,12.949,,
2026-07-06 02:15:07.056155+03:00,2026-07-10 13:00:00+03:00,xgboost_v1_5,12.949,,
2026-07-06 02:15:07.056155+03:00,2026-07-10 14:00:00+03:00,xgboost_v1_5,12.949,,
2026-07-06 02:15:07.056155+03:00,2026-07-10 15:00:00+03:00,xgboost_v1_5,12.949,,
2026-07-06 02:15:07.056155+03:00,2026-07-10 16:00:00+03:00,xgboost_v1_5,12.949,,
2026-07-06 02:15:07.056155+03:00,2026-07-10 17:00:00+03:00,xgboost_v1_5,12.949,,
2026-07-06 02:15:07.056155+03:00,2026-07-10 18:00:00+03:00,xgboost_v1_5,12.949,,
2026-07-06 02:15:07.056155+03:00,2026-07-10 19:00:00+03:00,xgboost_v1_5,12.949,,
2026-07-06 02:15:07.056155+03:00,2026-07-10 20:00:00+03:00,xgboost_v1_5,12.949,,
2026-07-06 02:15:07.056155+03:00,2026-07-10 21:00:00+03:00,xgboost_v1_5,12.949,,
2026-07-06 02:15:07.056155+03:00,2026-07-10 22:00:00+03:00,xgboost_v1_5,12.949,,
2026-07-06 02:15:07.056155+03:00,2026-07-10 23:00:00+03:00,xgboost_v1_5,12.949,,
2026-07-06 02:15:07.056155+03:00,2026-07-11 00:00:00+03:00,xgboost_v1_5,12.949,,
2026-07-06 02:15:07.056155+03:00,2026-07-11 01:00:00+03:00,xgboost_v1_5,12.949,,
2026-07-06 02:15:07.056155+03:00,2026-07-11 02:00:00+03:00,xgboost_v1_5,12.949,,
2026-07-06 02:15:07.056155+03:00,2026-07-11 03:00:00+03:00,xgboost_v1_5,12.949,,
2026-07-06 02:15:07.056155+03:00,2026-07-11 04:00:00+03:00,xgboost_v1_5,12.949,,
2026-07-06 02:15:07.056155+03:00,2026-07-11 05:00:00+03:00,xgboost_v1_5,12.949,,
2026-07-06 02:15:07.056155+03:00,2026-07-11 06:00:00+03:00,xgboost_v1_5,12.949,,
2026-07-06 02:15:07.056155+03:00,2026-07-11 07:00:00+03:00,xgboost_v1_5,12.949,,
2026-07-06 02:15:07.056155+03:00,2026-07-11 08:00:00+03:00,xgboost_v1_5,12.949,,
2026-07-06 02:15:07.056155+03:00,2026-07-11 09:00:00+03:00,xgboost_v1_5,12.949,,
2026-07-06 02:15:07.056155+03:00,2026-07-11 10:00:00+03:00,xgboost_v1_5,12.949,,
2026-07-06 02:15:07.056155+03:00,2026-07-11 11:00:00+03:00,xgboost_v1_5,12.949,,
2026-07-06 02:15:07.056155+03:00,2026-07-11 12:00:00+03:00,xgboost_v1_5,12.949,,
2026-07-06 02:15:07.056155+03:00,2026-07-11 13:00:00+03:00,xgboost_v1_5,12.949,,
2026-07-06 02:15:07.056155+03:00,2026-07-11 14:00:00+03:00,xgboost_v1_5,12.949,,
2026-07-06 02:15:07.056155+03:00,2026-07-11 15:00:00+03:00,xgboost_v1_5,12.949,,
2026-07-06 02:15:07.056155+03:00,2026-07-11 16:00:00+03:00,xgboost_v1_5,12.949,,
2026-07-06 02:15:07.056155+03:00,2026-07-11 17:00:00+03:00,xgboost_v1_5,12.949,,
2026-07-06 02:15:07.056155+03:00,2026-07-11 18:00:00+03:00,xgboost_v1_5,12.949,,
2026-07-06 02:15:07.056155+03:00,2026-07-11 19:00:00+03:00,xgboost_v1_5,12.949,,
2026-07-06 02:15:07.056155+03:00,2026-07-11 20:00:00+03:00,xgboost_v1_5,12.949,,
2026-07-06 02:15:07.056155+03:00,2026-07-11 21:00:00+03:00,xgboost_v1_5,12.949,,
2026-07-06 02:15:07.056155+03:00,2026-07-11 22:00:00+03:00,xgboost_v1_5,12.949,,
2026-07-06 02:15:07.056155+03:00,2026-07-11 23:00:00+03:00,xgboost_v1_5,12.949,,
2026-07-06 02:15:07.056155+03:00,2026-07-12 00:00:00+03:00,xgboost_v1_5,12.949,,
2026-07-06 02:15:07.056155+03:00,2026-07-12 01:00:00+03:00,xgboost_v1_5,12.949,,
2026-07-06 02:15:07.056155+03:00,2026-07-12 02:00:00+03:00,xgboost_v1_5,12.949,,
2026-07-06 02:15:07.056155+03:00,2026-07-12 03:00:00+03:00,xgboost_v1_5,12.949,,
2026-07-06 02:15:07.056155+03:00,2026-07-12 04:00:00+03:00,xgboost_v1_5,12.949,,
2026-07-06 02:15:07.056155+03:00,2026-07-12 05:00:00+03:00,xgboost_v1_5,12.949,,
2026-07-06 02:15:07.056155+03:00,2026-07-12 06:00:00+03:00,xgboost_v1_5,12.949,,
2026-07-06 02:15:07.056155+03:00,2026-07-12 07:00:00+03:00,xgboost_v1_5,12.949,,
2026-07-06 02:15:07.056155+03:00,2026-07-12 08:00:00+03:00,xgboost_v1_5,12.949,,
2026-07-06 02:15:07.056155+03:00,2026-07-12 09:00:00+03:00,xgboost_v1_5,12.949,,
2026-07-06 02:15:07.056155+03:00,2026-07-12 10:00:00+03:00,xgboost_v1_5,12.949,,
2026-07-06 02:15:07.056155+03:00,2026-07-12 11:00:00+03:00,xgboost_v1_5,12.949,,
2026-07-06 02:15:07.056155+03:00,2026-07-12 12:00:00+03:00,xgboost_v1_5,12.949,,
2026-07-06 02:15:07.056155+03:00,2026-07-12 13:00:00+03:00,xgboost_v1_5,12.949,,
2026-07-06 02:15:07.056155+03:00,2026-07-12 14:00:00+03:00,xgboost_v1_5,12.949,,
2026-07-06 02:15:07.056155+03:00,2026-07-12 15:00:00+03:00,xgboost_v1_5,12.949,,
2026-07-06 02:15:07.056155+03:00,2026-07-12 16:00:00+03:00,xgboost_v1_5,12.949,,
2026-07-06 02:15:07.056155+03:00,2026-07-12 17:00:00+03:00,xgboost_v1_5,12.949,,
2026-07-06 02:15:07.056155+03:00,2026-07-12 18:00:00+03:00,xgboost_v1_5,12.949,,
2026-07-06 02:15:07.056155+03:00,2026-07-12 19:00:00+03:00,xgboost_v1_5,12.949,,
2026-07-06 02:15:07.056155+03:00,2026-07-12 20:00:00+03:00,xgboost_v1_5,12.949,,
2026-07-06 02:15:07.056155+03:00,2026-07-12 21:00:00+03:00,xgboost_v1_5,12.949,,
2026-07-06 02:15:07.056155+03:00,2026-07-12 22:00:00+03:00,xgboost_v1_5,12.949,,
2026-07-06 02:15:07.056155+03:00,2026-07-12 23:00:00+03:00,xgboost_v1_5,12.949,,
2026-07-06 02:15:07.056155+03:00,2026-07-13 00:00:00+03:00,xgboost_v1_5,12.949,,
2026-07-06 02:15:07.056155+03:00,2026-07-13 01:00:00+03:00,xgboost_v1_5,12.949,,
2026-07-06 02:15:07.056155+03:00,2026-07-13 02:00:00+03:00,xgboost_v1_5,12.949,,
2026-07-06 02:15:07.056155+03:00,2026-07-06 03:00:00+03:00,xgboost_v2,20.1906,,
2026-07-06 02:15:07.056155+03:00,2026-07-06 04:00:00+03:00,xgboost_v2,27.473,,
2026-07-06 02:15:07.056155+03:00,2026-07-06 05:00:00+03:00,xgboost_v2,38.1526,,
2026-07-06 02:15:07.056155+03:00,2026-07-06 06:00:00+03:00,xgboost_v2,72.4633,,
2026-07-06 02:15:07.056155+03:00,2026-07-06 07:00:00+03:00,xgboost_v2,118.457,,
2026-07-06 02:15:07.056155+03:00,2026-07-06 08:00:00+03:00,xgboost_v2,170.5612,,
2026-07-06 02:15:07.056155+03:00,2026-07-06 09:00:00+03:00,xgboost_v2,187.8493,,
2026-07-06 02:15:07.056155+03:00,2026-07-06 10:00:00+03:00,xgboost_v2,158.6966,,
2026-07-06 02:15:07.056155+03:00,2026-07-06 11:00:00+03:00,xgboost_v2,142.0072,,
2026-07-06 02:15:07.056155+03:00,2026-07-06 12:00:00+03:00,xgboost_v2,130.4833,,
2026-07-06 02:15:07.056155+03:00,2026-07-06 13:00:00+03:00,xgboost_v2,120.7095,,
2026-07-06 02:15:07.056155+03:00,2026-07-06 14:00:00+03:00,xgboost_v2,105.5711,,
2026-07-06 02:15:07.056155+03:00,2026-07-06 15:00:00+03:00,xgboost_v2,97.6352,,
2026-07-06 02:15:07.056155+03:00,2026-07-06 16:00:00+03:00,xgboost_v2,94.5689,,
2026-07-06 02:15:07.056155+03:00,2026-07-06 17:00:00+03:00,xgboost_v2,117.4578,,
2026-07-06 02:15:07.056155+03:00,2026-07-06 18:00:00+03:00,xgboost_v2,152.1571,,
2026-07-06 02:15:07.056155+03:00,2026-07-06 19:00:00+03:00,xgboost_v2,179.6444,,
2026-07-06 02:15:07.056155+03:00,2026-07-06 20:00:00+03:00,xgboost_v2,201.8539,,
2026-07-06 02:15:07.056155+03:00,2026-07-06 21:00:00+03:00,xgboost_v2,131.9117,,
2026-07-06 02:15:07.056155+03:00,2026-07-06 22:00:00+03:00,xgboost_v2,80.1646,,
2026-07-06 02:15:07.056155+03:00,2026-07-06 23:00:00+03:00,xgboost_v2,45.8607,,
2026-07-06 02:15:07.056155+03:00,2026-07-07 00:00:00+03:00,xgboost_v2,39.8396,,
2026-07-06 02:15:07.056155+03:00,2026-07-07 01:00:00+03:00,xgboost_v2,57.8255,,
2026-07-06 02:15:07.056155+03:00,2026-07-07 02:00:00+03:00,xgboost_v2,49.2849,,
2026-07-06 02:15:07.056155+03:00,2026-07-07 03:00:00+03:00,xgboost_v2,47.5935,,
2026-07-06 02:15:07.056155+03:00,2026-07-07 04:00:00+03:00,xgboost_v2,49.9544,,
2026-07-06 02:15:07.056155+03:00,2026-07-07 05:00:00+03:00,xgboost_v2,63.2347,,
2026-07-06 02:15:07.056155+03:00,2026-07-07 06:00:00+03:00,xgboost_v2,110.651,,
2026-07-06 02:15:07.056155+03:00,2026-07-07 07:00:00+03:00,xgboost_v2,145.09,,
2026-07-06 02:15:07.056155+03:00,2026-07-07 08:00:00+03:00,xgboost_v2,191.7832,,
2026-07-06 02:15:07.056155+03:00,2026-07-07 09:00:00+03:00,xgboost_v2,182.4023,,
2026-07-06 02:15:07.056155+03:00,2026-07-07 10:00:00+03:00,xgboost_v2,156.8468,,
2026-07-06 02:15:07.056155+03:00,2026-07-07 11:00:00+03:00,xgboost_v2,142.8545,,
2026-07-06 02:15:07.056155+03:00,2026-07-07 12:00:00+03:00,xgboost_v2,129.8436,,
2026-07-06 02:15:07.056155+03:00,2026-07-07 13:00:00+03:00,xgboost_v2,120.8873,,
2026-07-06 02:15:07.056155+03:00,2026-07-07 14:00:00+03:00,xgboost_v2,110.2458,,
2026-07-06 02:15:07.056155+03:00,2026-07-07 15:00:00+03:00,xgboost_v2,105.081,,
2026-07-06 02:15:07.056155+03:00,2026-07-07 16:00:00+03:00,xgboost_v2,105.8512,,
2026-07-06 02:15:07.056155+03:00,2026-07-07 17:00:00+03:00,xgboost_v2,121.1671,,
2026-07-06 02:15:07.056155+03:00,2026-07-07 18:00:00+03:00,xgboost_v2,141.884,,
2026-07-06 02:15:07.056155+03:00,2026-07-07 19:00:00+03:00,xgboost_v2,167.4849,,
2026-07-06 02:15:07.056155+03:00,2026-07-07 20:00:00+03:00,xgboost_v2,177.8884,,
2026-07-06 02:15:07.056155+03:00,2026-07-07 21:00:00+03:00,xgboost_v2,143.7018,,
2026-07-06 02:15:07.056155+03:00,2026-07-07 22:00:00+03:00,xgboost_v2,124.4505,,
2026-07-06 02:15:07.056155+03:00,2026-07-07 23:00:00+03:00,xgboost_v2,95.5985,,
2026-07-06 02:15:07.056155+03:00,2026-07-08 00:00:00+03:00,xgboost_v2,64.1253,,
2026-07-06 02:15:07.056155+03:00,2026-07-08 01:00:00+03:00,xgboost_v2,47.4769,,
2026-07-06 02:15:07.056155+03:00,2026-07-08 02:00:00+03:00,xgboost_v2,41.064,,
2026-07-06 02:15:07.056155+03:00,2026-07-08 03:00:00+03:00,xgboost_v2,59.5567,,
2026-07-06 02:15:07.056155+03:00,2026-07-08 04:00:00+03:00,xgboost_v2,70.7778,,
2026-07-06 02:15:07.056155+03:00,2026-07-08 05:00:00+03:00,xgboost_v2,81.0326,,
2026-07-06 02:15:07.056155+03:00,2026-07-08 06:00:00+03:00,xgboost_v2,105.5097,,
2026-07-06 02:15:07.056155+03:00,2026-07-08 07:00:00+03:00,xgboost_v2,141.7368,,
2026-07-06 02:15:07.056155+03:00,2026-07-08 08:00:00+03:00,xgboost_v2,186.8002,,
2026-07-06 02:15:07.056155+03:00,2026-07-08 09:00:00+03:00,xgboost_v2,193.9052,,
2026-07-06 02:15:07.056155+03:00,2026-07-08 10:00:00+03:00,xgboost_v2,167.3715,,
2026-07-06 02:15:07.056155+03:00,2026-07-08 11:00:00+03:00,xgboost_v2,166.4143,,
2026-07-06 02:15:07.056155+03:00,2026-07-08 12:00:00+03:00,xgboost_v2,165.5257,,
2026-07-06 02:15:07.056155+03:00,2026-07-08 13:00:00+03:00,xgboost_v2,161.5124,,
2026-07-06 02:15:07.056155+03:00,2026-07-08 14:00:00+03:00,xgboost_v2,161.4037,,
2026-07-06 02:15:07.056155+03:00,2026-07-08 15:00:00+03:00,xgboost_v2,164.182,,
2026-07-06 02:15:07.056155+03:00,2026-07-08 16:00:00+03:00,xgboost_v2,168.4171,,
2026-07-06 02:15:07.056155+03:00,2026-07-08 17:00:00+03:00,xgboost_v2,198.771,,
2026-07-06 02:15:07.056155+03:00,2026-07-08 18:00:00+03:00,xgboost_v2,221.2417,,
2026-07-06 02:15:07.056155+03:00,2026-07-08 19:00:00+03:00,xgboost_v2,207.5821,,
2026-07-06 02:15:07.056155+03:00,2026-07-08 20:00:00+03:00,xgboost_v2,213.2778,,
2026-07-06 02:15:07.056155+03:00,2026-07-08 21:00:00+03:00,xgboost_v2,185.2029,,
2026-07-06 02:15:07.056155+03:00,2026-07-08 22:00:00+03:00,xgboost_v2,162.8831,,
2026-07-06 02:15:07.056155+03:00,2026-07-08 23:00:00+03:00,xgboost_v2,139.5041,,
2026-07-06 02:15:07.056155+03:00,2026-07-09 00:00:00+03:00,xgboost_v2,99.1912,,
2026-07-06 02:15:07.056155+03:00,2026-07-09 01:00:00+03:00,xgboost_v2,69.8919,,
2026-07-06 02:15:07.056155+03:00,2026-07-09 02:00:00+03:00,xgboost_v2,60.3634,,
2026-07-06 02:15:07.056155+03:00,2026-07-09 03:00:00+03:00,xgboost_v2,54.9243,,
2026-07-06 02:15:07.056155+03:00,2026-07-09 04:00:00+03:00,xgboost_v2,51.5774,,
2026-07-06 02:15:07.056155+03:00,2026-07-09 05:00:00+03:00,xgboost_v2,60.426,,
2026-07-06 02:15:07.056155+03:00,2026-07-09 06:00:00+03:00,xgboost_v2,94.6916,,
2026-07-06 02:15:07.056155+03:00,2026-07-09 07:00:00+03:00,xgboost_v2,128.2203,,
2026-07-06 02:15:07.056155+03:00,2026-07-09 08:00:00+03:00,xgboost_v2,177.1893,,
2026-07-06 02:15:07.056155+03:00,2026-07-09 09:00:00+03:00,xgboost_v2,211.4858,,
2026-07-06 02:15:07.056155+03:00,2026-07-09 10:00:00+03:00,xgboost_v2,203.9998,,
2026-07-06 02:15:07.056155+03:00,2026-07-09 11:00:00+03:00,xgboost_v2,196.1801,,
2026-07-06 02:15:07.056155+03:00,2026-07-09 12:00:00+03:00,xgboost_v2,171.0914,,
2026-07-06 02:15:07.056155+03:00,2026-07-09 13:00:00+03:00,xgboost_v2,172.5325,,
2026-07-06 02:15:07.056155+03:00,2026-07-09 14:00:00+03:00,xgboost_v2,173.0137,,
2026-07-06 02:15:07.056155+03:00,2026-07-09 15:00:00+03:00,xgboost_v2,172.9961,,
2026-07-06 02:15:07.056155+03:00,2026-07-09 16:00:00+03:00,xgboost_v2,178.472,,
2026-07-06 02:15:07.056155+03:00,2026-07-09 17:00:00+03:00,xgboost_v2,203.9722,,
2026-07-06 02:15:07.056155+03:00,2026-07-09 18:00:00+03:00,xgboost_v2,222.3365,,
2026-07-06 02:15:07.056155+03:00,2026-07-09 19:00:00+03:00,xgboost_v2,219.5501,,
2026-07-06 02:15:07.056155+03:00,2026-07-09 20:00:00+03:00,xgboost_v2,216.6055,,
2026-07-06 02:15:07.056155+03:00,2026-07-09 21:00:00+03:00,xgboost_v2,192.4827,,
2026-07-06 02:15:07.056155+03:00,2026-07-09 22:00:00+03:00,xgboost_v2,170.2486,,
2026-07-06 02:15:07.056155+03:00,2026-07-09 23:00:00+03:00,xgboost_v2,141.2425,,
2026-07-06 02:15:07.056155+03:00,2026-07-10 00:00:00+03:00,xgboost_v2,99.1262,,
2026-07-06 02:15:07.056155+03:00,2026-07-10 01:00:00+03:00,xgboost_v2,76.2166,,
2026-07-06 02:15:07.056155+03:00,2026-07-10 02:00:00+03:00,xgboost_v2,71.6184,,
2026-07-06 02:15:07.056155+03:00,2026-07-10 03:00:00+03:00,xgboost_v2,69.105,,
2026-07-06 02:15:07.056155+03:00,2026-07-10 04:00:00+03:00,xgboost_v2,67.841,,
2026-07-06 02:15:07.056155+03:00,2026-07-10 05:00:00+03:00,xgboost_v2,74.8542,,
2026-07-06 02:15:07.056155+03:00,2026-07-10 06:00:00+03:00,xgboost_v2,91.6917,,
2026-07-06 02:15:07.056155+03:00,2026-07-10 07:00:00+03:00,xgboost_v2,121.1959,,
2026-07-06 02:15:07.056155+03:00,2026-07-10 08:00:00+03:00,xgboost_v2,162.7548,,
2026-07-06 02:15:07.056155+03:00,2026-07-10 09:00:00+03:00,xgboost_v2,199.1488,,
2026-07-06 02:15:07.056155+03:00,2026-07-10 10:00:00+03:00,xgboost_v2,205.9352,,
2026-07-06 02:15:07.056155+03:00,2026-07-10 11:00:00+03:00,xgboost_v2,204.6909,,
2026-07-06 02:15:07.056155+03:00,2026-07-10 12:00:00+03:00,xgboost_v2,204.7684,,
2026-07-06 02:15:07.056155+03:00,2026-07-10 13:00:00+03:00,xgboost_v2,196.9551,,
2026-07-06 02:15:07.056155+03:00,2026-07-10 14:00:00+03:00,xgboost_v2,170.3702,,
2026-07-06 02:15:07.056155+03:00,2026-07-10 15:00:00+03:00,xgboost_v2,170.8344,,
2026-07-06 02:15:07.056155+03:00,2026-07-10 16:00:00+03:00,xgboost_v2,184.2465,,
2026-07-06 02:15:07.056155+03:00,2026-07-10 17:00:00+03:00,xgboost_v2,211.0847,,
2026-07-06 02:15:07.056155+03:00,2026-07-10 18:00:00+03:00,xgboost_v2,232.1636,,
2026-07-06 02:15:07.056155+03:00,2026-07-10 19:00:00+03:00,xgboost_v2,215.6971,,
2026-07-06 02:15:07.056155+03:00,2026-07-10 20:00:00+03:00,xgboost_v2,223.9899,,
2026-07-06 02:15:07.056155+03:00,2026-07-10 21:00:00+03:00,xgboost_v2,192.301,,
2026-07-06 02:15:07.056155+03:00,2026-07-10 22:00:00+03:00,xgboost_v2,168.2719,,
2026-07-06 02:15:07.056155+03:00,2026-07-10 23:00:00+03:00,xgboost_v2,148.0009,,
2026-07-06 02:15:07.056155+03:00,2026-07-11 00:00:00+03:00,xgboost_v2,118.0636,,
2026-07-06 02:15:07.056155+03:00,2026-07-11 01:00:00+03:00,xgboost_v2,83.5721,,
2026-07-06 02:15:07.056155+03:00,2026-07-11 02:00:00+03:00,xgboost_v2,72.0118,,
2026-07-06 02:15:07.056155+03:00,2026-07-11 03:00:00+03:00,xgboost_v2,67.2979,,
2026-07-06 02:15:07.056155+03:00,2026-07-11 04:00:00+03:00,xgboost_v2,66.6499,,
2026-07-06 02:15:07.056155+03:00,2026-07-11 05:00:00+03:00,xgboost_v2,73.1024,,
2026-07-06 02:15:07.056155+03:00,2026-07-11 06:00:00+03:00,xgboost_v2,105.035,,
2026-07-06 02:15:07.056155+03:00,2026-07-11 07:00:00+03:00,xgboost_v2,124.9349,,
2026-07-06 02:15:07.056155+03:00,2026-07-11 08:00:00+03:00,xgboost_v2,157.6593,,
2026-07-06 02:15:07.056155+03:00,2026-07-11 09:00:00+03:00,xgboost_v2,187.7361,,
2026-07-06 02:15:07.056155+03:00,2026-07-11 10:00:00+03:00,xgboost_v2,185.3587,,
2026-07-06 02:15:07.056155+03:00,2026-07-11 11:00:00+03:00,xgboost_v2,187.2309,,
2026-07-06 02:15:07.056155+03:00,2026-07-11 12:00:00+03:00,xgboost_v2,185.9474,,
2026-07-06 02:15:07.056155+03:00,2026-07-11 13:00:00+03:00,xgboost_v2,183.2399,,
2026-07-06 02:15:07.056155+03:00,2026-07-11 14:00:00+03:00,xgboost_v2,188.1689,,
2026-07-06 02:15:07.056155+03:00,2026-07-11 15:00:00+03:00,xgboost_v2,182.7933,,
2026-07-06 02:15:07.056155+03:00,2026-07-11 16:00:00+03:00,xgboost_v2,189.1479,,
2026-07-06 02:15:07.056155+03:00,2026-07-11 17:00:00+03:00,xgboost_v2,212.0177,,
2026-07-06 02:15:07.056155+03:00,2026-07-11 18:00:00+03:00,xgboost_v2,227.1265,,
2026-07-06 02:15:07.056155+03:00,2026-07-11 19:00:00+03:00,xgboost_v2,224.8334,,
2026-07-06 02:15:07.056155+03:00,2026-07-11 20:00:00+03:00,xgboost_v2,220.8201,,
2026-07-06 02:15:07.056155+03:00,2026-07-11 21:00:00+03:00,xgboost_v2,194.6086,,
2026-07-06 02:15:07.056155+03:00,2026-07-11 22:00:00+03:00,xgboost_v2,176.3276,,
2026-07-06 02:15:07.056155+03:00,2026-07-11 23:00:00+03:00,xgboost_v2,149.5057,,
2026-07-06 02:15:07.056155+03:00,2026-07-12 00:00:00+03:00,xgboost_v2,118.2219,,
2026-07-06 02:15:07.056155+03:00,2026-07-12 01:00:00+03:00,xgboost_v2,81.1514,,
2026-07-06 02:15:07.056155+03:00,2026-07-12 02:00:00+03:00,xgboost_v2,69.4162,,
2026-07-06 02:15:07.056155+03:00,2026-07-12 03:00:00+03:00,xgboost_v2,61.3107,,
2026-07-06 02:15:07.056155+03:00,2026-07-12 04:00:00+03:00,xgboost_v2,59.3992,,
2026-07-06 02:15:07.056155+03:00,2026-07-12 05:00:00+03:00,xgboost_v2,61.6921,,
2026-07-06 02:15:07.056155+03:00,2026-07-12 06:00:00+03:00,xgboost_v2,66.8253,,
2026-07-06 02:15:07.056155+03:00,2026-07-12 07:00:00+03:00,xgboost_v2,76.5032,,
2026-07-06 02:15:07.056155+03:00,2026-07-12 08:00:00+03:00,xgboost_v2,97.5903,,
2026-07-06 02:15:07.056155+03:00,2026-07-12 09:00:00+03:00,xgboost_v2,106.2834,,
2026-07-06 02:15:07.056155+03:00,2026-07-12 10:00:00+03:00,xgboost_v2,102.3898,,
2026-07-06 02:15:07.056155+03:00,2026-07-12 11:00:00+03:00,xgboost_v2,97.9402,,
2026-07-06 02:15:07.056155+03:00,2026-07-12 12:00:00+03:00,xgboost_v2,87.519,,
2026-07-06 02:15:07.056155+03:00,2026-07-12 13:00:00+03:00,xgboost_v2,78.9359,,
2026-07-06 02:15:07.056155+03:00,2026-07-12 14:00:00+03:00,xgboost_v2,71.8717,,
2026-07-06 02:15:07.056155+03:00,2026-07-12 15:00:00+03:00,xgboost_v2,69.3604,,
2026-07-06 02:15:07.056155+03:00,2026-07-12 16:00:00+03:00,xgboost_v2,73.3467,,
2026-07-06 02:15:07.056155+03:00,2026-07-12 17:00:00+03:00,xgboost_v2,85.9669,,
2026-07-06 02:15:07.056155+03:00,2026-07-12 18:00:00+03:00,xgboost_v2,104.6754,,
2026-07-06 02:15:07.056155+03:00,2026-07-12 19:00:00+03:00,xgboost_v2,122.2071,,
2026-07-06 02:15:07.056155+03:00,2026-07-12 20:00:00+03:00,xgboost_v2,122.6084,,
2026-07-06 02:15:07.056155+03:00,2026-07-12 21:00:00+03:00,xgboost_v2,101.5979,,
2026-07-06 02:15:07.056155+03:00,2026-07-12 22:00:00+03:00,xgboost_v2,92.169,,
2026-07-06 02:15:07.056155+03:00,2026-07-12 23:00:00+03:00,xgboost_v2,69.5108,,
2026-07-06 02:15:07.056155+03:00,2026-07-13 00:00:00+03:00,xgboost_v2,53.5719,,
2026-07-06 02:15:07.056155+03:00,2026-07-13 01:00:00+03:00,xgboost_v2,45.1821,,
2026-07-06 02:15:07.056155+03:00,2026-07-13 02:00:00+03:00,xgboost_v2,56.067,,
2026-07-06 02:15:07.056155+03:00,2026-07-06 03:00:00+03:00,xgboost_v2_5,2.2461,,
2026-07-06 02:15:07.056155+03:00,2026-07-06 04:00:00+03:00,xgboost_v2_5,0.3414,,
2026-07-06 02:15:07.056155+03:00,2026-07-06 05:00:00+03:00,xgboost_v2_5,5.0716,,
2026-07-06 02:15:07.056155+03:00,2026-07-06 06:00:00+03:00,xgboost_v2_5,23.041,,
2026-07-06 02:15:07.056155+03:00,2026-07-06 07:00:00+03:00,xgboost_v2_5,52.6579,,
2026-07-06 02:15:07.056155+03:00,2026-07-06 08:00:00+03:00,xgboost_v2_5,82.5693,,
2026-07-06 02:15:07.056155+03:00,2026-07-06 09:00:00+03:00,xgboost_v2_5,95.3935,,
2026-07-06 02:15:07.056155+03:00,2026-07-06 10:00:00+03:00,xgboost_v2_5,93.6522,,
2026-07-06 02:15:07.056155+03:00,2026-07-06 11:00:00+03:00,xgboost_v2_5,88.0206,,
2026-07-06 02:15:07.056155+03:00,2026-07-06 12:00:00+03:00,xgboost_v2_5,82.6447,,
2026-07-06 02:15:07.056155+03:00,2026-07-06 13:00:00+03:00,xgboost_v2_5,79.1355,,
2026-07-06 02:15:07.056155+03:00,2026-07-06 14:00:00+03:00,xgboost_v2_5,75.5366,,
2026-07-06 02:15:07.056155+03:00,2026-07-06 15:00:00+03:00,xgboost_v2_5,75.2306,,
2026-07-06 02:15:07.056155+03:00,2026-07-06 16:00:00+03:00,xgboost_v2_5,79.5671,,
2026-07-06 02:15:07.056155+03:00,2026-07-06 17:00:00+03:00,xgboost_v2_5,84.1054,,
2026-07-06 02:15:07.056155+03:00,2026-07-06 18:00:00+03:00,xgboost_v2_5,89.2643,,
2026-07-06 02:15:07.056155+03:00,2026-07-06 19:00:00+03:00,xgboost_v2_5,91.0281,,
2026-07-06 02:15:07.056155+03:00,2026-07-06 20:00:00+03:00,xgboost_v2_5,86.8069,,
2026-07-06 02:15:07.056155+03:00,2026-07-06 21:00:00+03:00,xgboost_v2_5,81.7407,,
2026-07-06 02:15:07.056155+03:00,2026-07-06 22:00:00+03:00,xgboost_v2_5,75.4929,,
2026-07-06 02:15:07.056155+03:00,2026-07-06 23:00:00+03:00,xgboost_v2_5,65.223,,
2026-07-06 02:15:07.056155+03:00,2026-07-07 00:00:00+03:00,xgboost_v2_5,58.7701,,
2026-07-06 02:15:07.056155+03:00,2026-07-07 01:00:00+03:00,xgboost_v2_5,57.6614,,
2026-07-06 02:15:07.056155+03:00,2026-07-07 02:00:00+03:00,xgboost_v2_5,57.6716,,
2026-07-06 02:15:07.056155+03:00,2026-07-07 03:00:00+03:00,xgboost_v2_5,57.8149,,
2026-07-06 02:15:07.056155+03:00,2026-07-07 04:00:00+03:00,xgboost_v2_5,58.3106,,
2026-07-06 02:15:07.056155+03:00,2026-07-07 05:00:00+03:00,xgboost_v2_5,61.1531,,
2026-07-06 02:15:07.056155+03:00,2026-07-07 06:00:00+03:00,xgboost_v2_5,68.0266,,
2026-07-06 02:15:07.056155+03:00,2026-07-07 07:00:00+03:00,xgboost_v2_5,76.597,,
2026-07-06 02:15:07.056155+03:00,2026-07-07 08:00:00+03:00,xgboost_v2_5,83.6652,,
2026-07-06 02:15:07.056155+03:00,2026-07-07 09:00:00+03:00,xgboost_v2_5,83.577,,
2026-07-06 02:15:07.056155+03:00,2026-07-07 10:00:00+03:00,xgboost_v2_5,80.1633,,
2026-07-06 02:15:07.056155+03:00,2026-07-07 11:00:00+03:00,xgboost_v2_5,76.688,,
2026-07-06 02:15:07.056155+03:00,2026-07-07 12:00:00+03:00,xgboost_v2_5,72.8423,,
2026-07-06 02:15:07.056155+03:00,2026-07-07 13:00:00+03:00,xgboost_v2_5,70.0505,,
2026-07-06 02:15:07.056155+03:00,2026-07-07 14:00:00+03:00,xgboost_v2_5,69.9714,,
2026-07-06 02:15:07.056155+03:00,2026-07-07 15:00:00+03:00,xgboost_v2_5,71.4252,,
2026-07-06 02:15:07.056155+03:00,2026-07-07 16:00:00+03:00,xgboost_v2_5,75.4268,,
2026-07-06 02:15:07.056155+03:00,2026-07-07 17:00:00+03:00,xgboost_v2_5,79.633,,
2026-07-06 02:15:07.056155+03:00,2026-07-07 18:00:00+03:00,xgboost_v2_5,83.8326,,
2026-07-06 02:15:07.056155+03:00,2026-07-07 19:00:00+03:00,xgboost_v2_5,86.1696,,
2026-07-06 02:15:07.056155+03:00,2026-07-07 20:00:00+03:00,xgboost_v2_5,82.9685,,
2026-07-06 02:15:07.056155+03:00,2026-07-07 21:00:00+03:00,xgboost_v2_5,78.5919,,
2026-07-06 02:15:07.056155+03:00,2026-07-07 22:00:00+03:00,xgboost_v2_5,73.0228,,
2026-07-06 02:15:07.056155+03:00,2026-07-07 23:00:00+03:00,xgboost_v2_5,65.7152,,
2026-07-06 02:15:07.056155+03:00,2026-07-08 00:00:00+03:00,xgboost_v2_5,61.8799,,
2026-07-06 02:15:07.056155+03:00,2026-07-08 01:00:00+03:00,xgboost_v2_5,60.5929,,
2026-07-06 02:15:07.056155+03:00,2026-07-08 02:00:00+03:00,xgboost_v2_5,60.6302,,
2026-07-06 02:15:07.056155+03:00,2026-07-08 03:00:00+03:00,xgboost_v2_5,60.7735,,
2026-07-06 02:15:07.056155+03:00,2026-07-08 04:00:00+03:00,xgboost_v2_5,62.8568,,
2026-07-06 02:15:07.056155+03:00,2026-07-08 05:00:00+03:00,xgboost_v2_5,69.0522,,
2026-07-06 02:15:07.056155+03:00,2026-07-08 06:00:00+03:00,xgboost_v2_5,76.7494,,
2026-07-06 02:15:07.056155+03:00,2026-07-08 07:00:00+03:00,xgboost_v2_5,85.3714,,
2026-07-06 02:15:07.056155+03:00,2026-07-08 08:00:00+03:00,xgboost_v2_5,95.0453,,
2026-07-06 02:15:07.056155+03:00,2026-07-08 09:00:00+03:00,xgboost_v2_5,95.5975,,
2026-07-06 02:15:07.056155+03:00,2026-07-08 10:00:00+03:00,xgboost_v2_5,91.1134,,
2026-07-06 02:15:07.056155+03:00,2026-07-08 11:00:00+03:00,xgboost_v2_5,86.9507,,
2026-07-06 02:15:07.056155+03:00,2026-07-08 12:00:00+03:00,xgboost_v2_5,82.7486,,
2026-07-06 02:15:07.056155+03:00,2026-07-08 13:00:00+03:00,xgboost_v2_5,79.4277,,
2026-07-06 02:15:07.056155+03:00,2026-07-08 14:00:00+03:00,xgboost_v2_5,76.6627,,
2026-07-06 02:15:07.056155+03:00,2026-07-08 15:00:00+03:00,xgboost_v2_5,77.3222,,
2026-07-06 02:15:07.056155+03:00,2026-07-08 16:00:00+03:00,xgboost_v2_5,78.2762,,
2026-07-06 02:15:07.056155+03:00,2026-07-08 17:00:00+03:00,xgboost_v2_5,82.8906,,
2026-07-06 02:15:07.056155+03:00,2026-07-08 18:00:00+03:00,xgboost_v2_5,88.9901,,
2026-07-06 02:15:07.056155+03:00,2026-07-08 19:00:00+03:00,xgboost_v2_5,91.0681,,
2026-07-06 02:15:07.056155+03:00,2026-07-08 20:00:00+03:00,xgboost_v2_5,86.9562,,
2026-07-06 02:15:07.056155+03:00,2026-07-08 21:00:00+03:00,xgboost_v2_5,82.5852,,
2026-07-06 02:15:07.056155+03:00,2026-07-08 22:00:00+03:00,xgboost_v2_5,77.7774,,
2026-07-06 02:15:07.056155+03:00,2026-07-08 23:00:00+03:00,xgboost_v2_5,69.3128,,
2026-07-06 02:15:07.056155+03:00,2026-07-09 00:00:00+03:00,xgboost_v2_5,65.5534,,
2026-07-06 02:15:07.056155+03:00,2026-07-09 01:00:00+03:00,xgboost_v2_5,65.5946,,
2026-07-06 02:15:07.056155+03:00,2026-07-09 02:00:00+03:00,xgboost_v2_5,65.6048,,
2026-07-06 02:15:07.056155+03:00,2026-07-09 03:00:00+03:00,xgboost_v2_5,65.7481,,
2026-07-06 02:15:07.056155+03:00,2026-07-09 04:00:00+03:00,xgboost_v2_5,68.0627,,
2026-07-06 02:15:07.056155+03:00,2026-07-09 05:00:00+03:00,xgboost_v2_5,72.5692,,
2026-07-06 02:15:07.056155+03:00,2026-07-09 06:00:00+03:00,xgboost_v2_5,80.0299,,
2026-07-06 02:15:07.056155+03:00,2026-07-09 07:00:00+03:00,xgboost_v2_5,92.0955,,
2026-07-06 02:15:07.056155+03:00,2026-07-09 08:00:00+03:00,xgboost_v2_5,102.0894,,
2026-07-06 02:15:07.056155+03:00,2026-07-09 09:00:00+03:00,xgboost_v2_5,100.3744,,
2026-07-06 02:15:07.056155+03:00,2026-07-09 10:00:00+03:00,xgboost_v2_5,91.9393,,
2026-07-06 02:15:07.056155+03:00,2026-07-09 11:00:00+03:00,xgboost_v2_5,85.3292,,
2026-07-06 02:15:07.056155+03:00,2026-07-09 12:00:00+03:00,xgboost_v2_5,80.8984,,
2026-07-06 02:15:07.056155+03:00,2026-07-09 13:00:00+03:00,xgboost_v2_5,77.75,,
2026-07-06 02:15:07.056155+03:00,2026-07-09 14:00:00+03:00,xgboost_v2_5,74.1086,,
2026-07-06 02:15:07.056155+03:00,2026-07-09 15:00:00+03:00,xgboost_v2_5,75.2764,,
2026-07-06 02:15:07.056155+03:00,2026-07-09 16:00:00+03:00,xgboost_v2_5,79.3296,,
2026-07-06 02:15:07.056155+03:00,2026-07-09 17:00:00+03:00,xgboost_v2_5,82.88,,
2026-07-06 02:15:07.056155+03:00,2026-07-09 18:00:00+03:00,xgboost_v2_5,86.645,,
2026-07-06 02:15:07.056155+03:00,2026-07-09 19:00:00+03:00,xgboost_v2_5,90.0905,,
2026-07-06 02:15:07.056155+03:00,2026-07-09 20:00:00+03:00,xgboost_v2_5,88.0766,,
2026-07-06 02:15:07.056155+03:00,2026-07-09 21:00:00+03:00,xgboost_v2_5,83.8002,,
2026-07-06 02:15:07.056155+03:00,2026-07-09 22:00:00+03:00,xgboost_v2_5,78.004,,
2026-07-06 02:15:07.056155+03:00,2026-07-09 23:00:00+03:00,xgboost_v2_5,69.3128,,
2026-07-06 02:15:07.056155+03:00,2026-07-10 00:00:00+03:00,xgboost_v2_5,65.5534,,
2026-07-06 02:15:07.056155+03:00,2026-07-10 01:00:00+03:00,xgboost_v2_5,65.5946,,
2026-07-06 02:15:07.056155+03:00,2026-07-10 02:00:00+03:00,xgboost_v2_5,65.6048,,
2026-07-06 02:15:07.056155+03:00,2026-07-10 03:00:00+03:00,xgboost_v2_5,65.7481,,
2026-07-06 02:15:07.056155+03:00,2026-07-10 04:00:00+03:00,xgboost_v2_5,68.0627,,
2026-07-06 02:15:07.056155+03:00,2026-07-10 05:00:00+03:00,xgboost_v2_5,72.5692,,
2026-07-06 02:15:07.056155+03:00,2026-07-10 06:00:00+03:00,xgboost_v2_5,80.0299,,
2026-07-06 02:15:07.056155+03:00,2026-07-10 07:00:00+03:00,xgboost_v2_5,92.0955,,
2026-07-06 02:15:07.056155+03:00,2026-07-10 08:00:00+03:00,xgboost_v2_5,102.0894,,
2026-07-06 02:15:07.056155+03:00,2026-07-10 09:00:00+03:00,xgboost_v2_5,100.3744,,
2026-07-06 02:15:07.056155+03:00,2026-07-10 10:00:00+03:00,xgboost_v2_5,91.9393,,
2026-07-06 02:15:07.056155+03:00,2026-07-10 11:00:00+03:00,xgboost_v2_5,85.3292,,
2026-07-06 02:15:07.056155+03:00,2026-07-10 12:00:00+03:00,xgboost_v2_5,80.8984,,
2026-07-06 02:15:07.056155+03:00,2026-07-10 13:00:00+03:00,xgboost_v2_5,77.75,,
2026-07-06 02:15:07.056155+03:00,2026-07-10 14:00:00+03:00,xgboost_v2_5,74.1086,,
2026-07-06 02:15:07.056155+03:00,2026-07-10 15:00:00+03:00,xgboost_v2_5,75.2764,,
2026-07-06 02:15:07.056155+03:00,2026-07-10 16:00:00+03:00,xgboost_v2_5,79.3296,,
2026-07-06 02:15:07.056155+03:00,2026-07-10 17:00:00+03:00,xgboost_v2_5,82.88,,
2026-07-06 02:15:07.056155+03:00,2026-07-10 18:00:00+03:00,xgboost_v2_5,86.645,,
2026-07-06 02:15:07.056155+03:00,2026-07-10 19:00:00+03:00,xgboost_v2_5,90.0905,,
2026-07-06 02:15:07.056155+03:00,2026-07-10 20:00:00+03:00,xgboost_v2_5,88.0766,,
2026-07-06 02:15:07.056155+03:00,2026-07-10 21:00:00+03:00,xgboost_v2_5,83.8002,,
2026-07-06 02:15:07.056155+03:00,2026-07-10 22:00:00+03:00,xgboost_v2_5,78.004,,
2026-07-06 02:15:07.056155+03:00,2026-07-10 23:00:00+03:00,xgboost_v2_5,69.3128,,
2026-07-06 02:15:07.056155+03:00,2026-07-11 00:00:00+03:00,xgboost_v2_5,65.5347,,
2026-07-06 02:15:07.056155+03:00,2026-07-11 01:00:00+03:00,xgboost_v2_5,65.5759,,
2026-07-06 02:15:07.056155+03:00,2026-07-11 02:00:00+03:00,xgboost_v2_5,65.586,,
2026-07-06 02:15:07.056155+03:00,2026-07-11 03:00:00+03:00,xgboost_v2_5,65.7294,,
2026-07-06 02:15:07.056155+03:00,2026-07-11 04:00:00+03:00,xgboost_v2_5,67.8898,,
2026-07-06 02:15:07.056155+03:00,2026-07-11 05:00:00+03:00,xgboost_v2_5,71.5519,,
2026-07-06 02:15:07.056155+03:00,2026-07-11 06:00:00+03:00,xgboost_v2_5,75.6124,,
2026-07-06 02:15:07.056155+03:00,2026-07-11 07:00:00+03:00,xgboost_v2_5,81.3866,,
2026-07-06 02:15:07.056155+03:00,2026-07-11 08:00:00+03:00,xgboost_v2_5,87.6321,,
2026-07-06 02:15:07.056155+03:00,2026-07-11 09:00:00+03:00,xgboost_v2_5,89.3638,,
2026-07-06 02:15:07.056155+03:00,2026-07-11 10:00:00+03:00,xgboost_v2_5,87.078,,
2026-07-06 02:15:07.056155+03:00,2026-07-11 11:00:00+03:00,xgboost_v2_5,82.7258,,
2026-07-06 02:15:07.056155+03:00,2026-07-11 12:00:00+03:00,xgboost_v2_5,79.4277,,
2026-07-06 02:15:07.056155+03:00,2026-07-11 13:00:00+03:00,xgboost_v2_5,75.6587,,
2026-07-06 02:15:07.056155+03:00,2026-07-11 14:00:00+03:00,xgboost_v2_5,72.0169,,
2026-07-06 02:15:07.056155+03:00,2026-07-11 15:00:00+03:00,xgboost_v2_5,71.8871,,
2026-07-06 02:15:07.056155+03:00,2026-07-11 16:00:00+03:00,xgboost_v2_5,75.4035,,
2026-07-06 02:15:07.056155+03:00,2026-07-11 17:00:00+03:00,xgboost_v2_5,79.6265,,
2026-07-06 02:15:07.056155+03:00,2026-07-11 18:00:00+03:00,xgboost_v2_5,83.8261,,
2026-07-06 02:15:07.056155+03:00,2026-07-11 19:00:00+03:00,xgboost_v2_5,86.1631,,
2026-07-06 02:15:07.056155+03:00,2026-07-11 20:00:00+03:00,xgboost_v2_5,82.962,,
2026-07-06 02:15:07.056155+03:00,2026-07-11 21:00:00+03:00,xgboost_v2_5,78.5854,,
2026-07-06 02:15:07.056155+03:00,2026-07-11 22:00:00+03:00,xgboost_v2_5,73.0164,,
2026-07-06 02:15:07.056155+03:00,2026-07-11 23:00:00+03:00,xgboost_v2_5,65.7087,,
2026-07-06 02:15:07.056155+03:00,2026-07-12 00:00:00+03:00,xgboost_v2_5,61.8611,,
2026-07-06 02:15:07.056155+03:00,2026-07-12 01:00:00+03:00,xgboost_v2_5,60.5742,,
2026-07-06 02:15:07.056155+03:00,2026-07-12 02:00:00+03:00,xgboost_v2_5,60.6114,,
2026-07-06 02:15:07.056155+03:00,2026-07-12 03:00:00+03:00,xgboost_v2_5,60.7548,,
2026-07-06 02:15:07.056155+03:00,2026-07-12 04:00:00+03:00,xgboost_v2_5,62.6838,,
2026-07-06 02:15:07.056155+03:00,2026-07-12 05:00:00+03:00,xgboost_v2_5,66.467,,
2026-07-06 02:15:07.056155+03:00,2026-07-12 06:00:00+03:00,xgboost_v2_5,69.8233,,
2026-07-06 02:15:07.056155+03:00,2026-07-12 07:00:00+03:00,xgboost_v2_5,73.7259,,
2026-07-06 02:15:07.056155+03:00,2026-07-12 08:00:00+03:00,xgboost_v2_5,78.0506,,
2026-07-06 02:15:07.056155+03:00,2026-07-12 09:00:00+03:00,xgboost_v2_5,79.0983,,
2026-07-06 02:15:07.056155+03:00,2026-07-12 10:00:00+03:00,xgboost_v2_5,75.6663,,
2026-07-06 02:15:07.056155+03:00,2026-07-12 11:00:00+03:00,xgboost_v2_5,71.9542,,
2026-07-06 02:15:07.056155+03:00,2026-07-12 12:00:00+03:00,xgboost_v2_5,69.8813,,
2026-07-06 02:15:07.056155+03:00,2026-07-12 13:00:00+03:00,xgboost_v2_5,69.9022,,
2026-07-06 02:15:07.056155+03:00,2026-07-12 14:00:00+03:00,xgboost_v2_5,69.9649,,
2026-07-06 02:15:07.056155+03:00,2026-07-12 15:00:00+03:00,xgboost_v2_5,71.4188,,
2026-07-06 02:15:07.056155+03:00,2026-07-12 16:00:00+03:00,xgboost_v2_5,75.4203,,
2026-07-06 02:15:07.056155+03:00,2026-07-12 17:00:00+03:00,xgboost_v2_5,79.6265,,
2026-07-06 02:15:07.056155+03:00,2026-07-12 18:00:00+03:00,xgboost_v2_5,83.8261,,
2026-07-06 02:15:07.056155+03:00,2026-07-12 19:00:00+03:00,xgboost_v2_5,86.1631,,
2026-07-06 02:15:07.056155+03:00,2026-07-12 20:00:00+03:00,xgboost_v2_5,82.962,,
2026-07-06 02:15:07.056155+03:00,2026-07-12 21:00:00+03:00,xgboost_v2_5,78.5854,,
2026-07-06 02:15:07.056155+03:00,2026-07-12 22:00:00+03:00,xgboost_v2_5,73.0164,,
2026-07-06 02:15:07.056155+03:00,2026-07-12 23:00:00+03:00,xgboost_v2_5,65.7087,,
2026-07-06 02:15:07.056155+03:00,2026-07-13 00:00:00+03:00,xgboost_v2_5,61.9152,,
2026-07-06 02:15:07.056155+03:00,2026-07-13 01:00:00+03:00,xgboost_v2_5,60.5994,,
2026-07-06 02:15:07.056155+03:00,2026-07-13 02:00:00+03:00,xgboost_v2_5,60.6366,,
